article_title,article_Date
Apple bans app that shows ugly side of electronics,14-Sep-11
Apple secures patents on China stores,22-Sep-11
Facebook to launch iPad app at Apple's iPhone 5 event,27-Sep-11
"Apple to kill iPod classic, shuffle?",28-Sep-11
"Apple to kill iPod classic, shuffle?",28-Sep-11
Green activists in China target alleged Apple suppliers,30-Sep-11
Tim Cook's biggest challenge: Sustaining Apple's amazing growth,3-Oct-11
"Apple introduces Siri, Web freaks out",4-Oct-11
Samsung to file injunction against Apple for iPhone 4S,5-Oct-11
Samsung to file injunction against Apple for iPhone 4S,5-Oct-11
"Steve Jobs, Apple founder, dies",5-Oct-11
"Tim Cook passed first test as Apple pitchman, analysts say",5-Oct-11
"Apple, Jobs' family remember his 'extraordinary gifts'",6-Oct-11
Fans pay tribute to Steve Jobs online and at Apple stores,6-Oct-11
"iSad: Apple fans, tech world mourn Steve Jobs",6-Oct-11
Unraveling the tale behind the Apple logo,6-Oct-11
Apple iPhone 4S goes on pre-sale,7-Oct-11
Apple rivals postpone phone launch due to Jobs' death,7-Oct-11
"14 years later, Dell founder backtracks on Apple attack",18-Oct-11
Apple closing some stores during Wednesday memorial service,19-Oct-11
Apple closing some stores during Wednesday memorial service,19-Oct-11
Apple's Siri will need to learn some new tricks,20-Oct-11
Apple's next big product may be a TV,25-Oct-11
Future of Apple,26-Oct-11
Apple patent uses 3-D gestures to control an iPad,28-Oct-11
Apple patent uses 3-D gestures to control iPad,7-Nov-11
Why Amazon doesn't scare Apple,7-Nov-11
Apple: Siri is not coming to older devices,9-Nov-11
Apple fixes iPhone battery issues,10-Nov-11
Apple patent suggests new iPod features,11-Nov-11
Readability gives free online news inbox with upcoming Apple apps,16-Nov-11
The re-appearing Gmail app for Apple iOS,16-Nov-11
New Apple patent would shield against broken glass,21-Nov-11
"Apple offering Black Friday discounts on iPads, iPods, Macs",23-Nov-11
"Apple offering Black Friday discounts on iPads, iPods, Macs",23-Nov-11
"Apple, Amazon lead big tech Black Friday",28-Nov-11
"Like Steve Jobs, Apple's Tim Cook replies to fans' e-mails",29-Nov-11
Original Apple contract may sell at auction for $150K,29-Nov-11
Samsung defeats Apple in court,30-Nov-11
"Apple, Google diss standard mobile app rating system",1-Dec-11
Tim Cook's first 100 days as Apple CEO,3-Dec-11
Tim Cook's first 100 days as Apple CEO,3-Dec-11
Apple Store openings shrouded in secrecy,8-Dec-11
Samsung wins fight against Apple in Australia,9-Dec-11
"Tech Check: The Apple Store's secrets, the Web goes .XXX",9-Dec-11
"Report: Apple's iPhone, iPad chip now made in Texas",16-Dec-11
"Report: Apple's iPhone, iPad chip now made in Texas",16-Dec-11
Apple halts sale of iPhone 4S in Chinese cities after scuffle,13-Jan-12
Report: Apple to introduce 'GarageBand for e-books',17-Jan-12
Report: Apple to introduce 'GarageBand for e-books',17-Jan-12
"Tech Check: The Web blacks out for SOPA, Apple in the classroom",20-Jan-12
"Apple presses pause on high-def music, says Neil Young",31-Jan-12
"Apple manufacturing plant workers complain of long hours, militant culture",6-Feb-12
"Apple manufacturing plant workers complain of long hours, militant culture",6-Feb-12
Q&A: Apple's China supplier in the spotlight,6-Feb-12
Q&A: Apple's China supplier in the spotlight,6-Feb-12
"$1,499 Apple TV teased in Best Buy survey",7-Feb-12
Apps for iPad 3: What Apple should demo at the grand unveiling,14-Feb-12
Apple: Apps need 'explicit approval' before collecting user contacts,15-Feb-12
When will workers share in Apple's wealth?,17-Feb-12
Google tracks unknowing Apple users,18-Feb-12
Apple settles class-action suit over iPhone 4 antenna problem,20-Feb-12
Why Apple didn't include Siri in OS X Mountain Lion,20-Feb-12
Apple threat to Proview over iPad dispute,21-Feb-12
"Microsoft unveils Windows 8 in challenge to Apple, Google",29-Feb-12
Will Apple's 'iPad' go bad in China?,29-Feb-12
Why Apple won't be introducing a touchscreen TV,5-Mar-12
Activists take Apple workers'-rights campaign to Facebook,6-Mar-12
Activists take Apple workers'-rights campaign to Facebook,6-Mar-12
"Fiona Apple at it again, reveals 23-word title to new album",7-Mar-12
"Analysis: Apple, China, Foxconn and the fabulist",19-Mar-12
Don't overlook Mike Daisey's bigger point about Apple,19-Mar-12
Apple responds to iPad battery concerns,28-Mar-12
Half of U.S. households own at least one Apple product,29-Mar-12
Half of U.S. households own at least one Apple product,29-Mar-12
Apple moves to share cost burden in China,1-Apr-12
Apple moves to share cost burden in China,1-Apr-12
Apple has an obligation to help solve America's problems,3-Apr-12
Report: Apple investigating Wi-Fi issues with new iPad,5-Apr-12
"Poll: Google more popular than Apple, Facebook",9-Apr-12
Will Apple lawsuit mean cheaper e-books?,11-Apr-12
Apple: Update will fix Mac 'Flashback' virus,13-Apr-12
"Google co-founder: China, Apple, Facebook threaten the 'open Web'",16-Apr-12
Top Apple exec: Instagram has 'jumped the shark',20-Apr-12
Apple CEO scoffs at tablet-laptop hybrid,25-Apr-12
Chinese official backs Proview in Apple dispute,25-Apr-12
Top analyst: 'Apple will decline',26-Apr-12
Puma takes bite out of Apple to head ethical business list,3-May-12
Own an iPod? Then you're suing Apple,10-May-12
Own an iPod? Then you're suing Apple,10-May-12
"Opinion: Sci-fi nightmares of a world ruled by Facebook, Apple and Google",14-May-12
Apple and Samsung begin settlement talks,21-May-12
Apple's new 'spaceship' campus: What will the neighbors say?,22-May-12
Apple's new 'spaceship' campus: What will the neighbors say?,22-May-12
Apple designer 'winces' over some past product choices,23-May-12
"Apple CEO Cook guarded on AppleTV, bullish on Siri",30-May-12
What Tim Cook's comments reveal about Apple's future,31-May-12
An Apple TV reboot could be a game-changer,7-Jun-12
An Apple TV reboot could be a game-changer,7-Jun-12
What to expect from Apple's event today,8-Jun-12
"Apple announces high-res laptops, a smarter Siri",11-Jun-12
Apple's new mobile operating system snubs Google,12-Jun-12
Apple's Siri is becoming a better conversationalist,12-Jun-12
WWDC was all about Apple's big bet on mobile,12-Jun-12
"Apple to kill social network Ping, report says",13-Jun-12
iPhone rumors: New Apple dock and cord?,21-Jun-12
iPhone rumors: New Apple dock and cord?,21-Jun-12
Apple on song with iTunes in Asia,28-Jun-12
"Finally, Apple owns the name 'iPad'",2-Jul-12
Apple wins ban on two Android devices: What it means for you,3-Jul-12
Apple: We've fixed glitch causing apps to crash,6-Jul-12
Apple abandons green certification,11-Jul-12
Apple's green image continues to be dirtied,12-Jul-12
"Apple: No wait, we're green again",13-Jul-12
Apple design chief: We nearly scrapped iPhone,2-Aug-12
Trial gives sneak peek into Apple's inner workings,4-Aug-12
Apple account hack raises concern about cloud storage,7-Aug-12
Android races past Apple in smartphone market share,8-Aug-12
Apple's stock soars to new all-time high,17-Aug-12
Apple's stock soars to new all-time high,17-Aug-12
Why Apple hasn't cracked the TV market,17-Aug-12
Apple is now the most valuable company of all time,20-Aug-12
Apple is now the most valuable company of all time,20-Aug-12
Microsoft already makes an 'Apple TV',21-Aug-12
Apple and Samsung make final cases to jury in patent trial,22-Aug-12
Apple and Samsung make final cases to jury in patent trial,22-Aug-12
Report: Apple supplier in China shows improvement,22-Aug-12
"Apple, Samsung both lose in South Korean court",24-Aug-12
Jury: Samsung should pay Apple more than $1 billion,24-Aug-12
Samsung to fight court ruling in Apple patent dispute,25-Aug-12
What the Apple-Samsung verdict means for your smartphone,25-Aug-12
4 ways the Apple-Samsung verdict affects you,27-Aug-12
How Apple killed the Linux desktop,27-Aug-12
Samsung share price drops on Apple patent ruling,27-Aug-12
Are Apple's innovations inside us now?,28-Aug-12
Should Google be running scared from Apple?,28-Aug-12
Apple ruling will hurt - but not for long,29-Aug-12
Apple verdict: Set to stifle or spur innovation?,29-Aug-12
Apple verdict: Set to stifle or spur innovation?,29-Aug-12
Rare Apple I computer put up for auction,30-Aug-12
Apple announces likely iPhone 5 event on Sept. 12,4-Sep-12
Ready for iPhone 5? Apple announces event next week,4-Sep-12
Apple: We didn't give IDs to the FBI,5-Sep-12
Google to Apple: Get off our lawn!,6-Sep-12
Is Apple planning a Pandora-like music service?,7-Sep-12
App publisher takes blame for massive Apple ID hack,10-Sep-12
Ex-Apple boss tackles poverty in India with mobile technology,11-Sep-12
The choreography of an Apple event,11-Sep-12
"Apple unveils faster, thinner iPhone 5",12-Sep-12
Apple shares hit all-time high,13-Sep-12
Apple's $30 Lightning adapter won't support iPod controls,13-Sep-12
"Apple's secrets aren't so secret anymore, and that's O.K.",17-Sep-12
Apple stock tops $700,18-Sep-12
"Stocks close flat as Apple, Fed set the floor",18-Sep-12
Texas sheriff: Fiona Apple arrested after hashish found on tour bus,20-Sep-12
The iPhone 5 may be Apple's last blowout U.S. bestseller,20-Sep-12
Users: Apple iOS 6 maps are a mess,21-Sep-12
Police to Fiona Apple: 'Just shut up and sing',25-Sep-12
"Apple CEO Tim Cook's letter: ""We fell short""",28-Sep-12
Maps app is not the only Apple misstep,29-Sep-12
Maps app is not the only Apple misstep,29-Sep-12
How Apple has changed under Tim Cook,4-Oct-12
Apple's post-Steve tipping point,5-Oct-12
Give Apple maps a chance,7-Oct-12
Give Apple maps a chance,7-Oct-12
Why a naked Apple would be a better company,7-Oct-12
Apple on iPhone 5 purple flare: You're aiming it wrong,8-Oct-12
Amazon and Apple customers to get credits for price-fixed e-books,15-Oct-12
Apple schedules 'iPad Mini' event for October 23,16-Oct-12
Apple schedules 'iPad Mini' event for October 23,16-Oct-12
Why Apple will never bring manufacturing jobs back to the U.S.,17-Oct-12
Apple iPad Mini price gives rivals breathing room,23-Oct-12
Apple unveils $329 iPad mini,23-Oct-12
Apple unveils smaller $329 iPad Mini,23-Oct-12
Apple unveils smaller $329 iPad Mini,23-Oct-12
"Apple earnings disappoint, but holiday season will be a blowout",25-Oct-12
Apple's Schiller: 'Old technologies are holding us back',26-Oct-12
Apple shakeup: Mobile head and retail chief are out,29-Oct-12
Report: Forstall left Apple because he refused to apologize for maps,30-Oct-12
"Apple stock falls on exec shakeup, iPad mini reviews",31-Oct-12
"Apple stock falls on exec shakeup, iPad mini reviews",31-Oct-12
Apple sold 3 million iPads this weekend,5-Nov-12
Apple (again) tops list of most innovative companies,12-Nov-12
Apple (again) tops list of most innovative companies,12-Nov-12
Apple and HTC end patent battle,12-Nov-12
Regulators eye HTC stock jump before Apple settlement,13-Nov-12
Apple patents the virtual page turn,16-Nov-12
Apple patents the virtual page turn,16-Nov-12
Apple's Black Friday sale goes live,23-Nov-12
Apple bought Lightning trademark from Harley-Davidson,26-Nov-12
"Despite supply concerns, Apple has iPhone 5s well stocked",29-Nov-12
"Despite supply concerns, Apple has iPhone 5s well stocked",29-Nov-12
iPod creator: Apple's Forstall 'got what he deserved',29-Nov-12
Tech stocks boost market as Apple rebounds,6-Dec-12
Throwing cold water on Apple's made-in-the-U.S.A. Mac,6-Dec-12
Tim Cook: Apple will make computers in the U.S. next year,6-Dec-12
"After Apple, Foxconn eyes U.S. expansion",7-Dec-12
"After Apple, Foxconn eyes U.S. expansion",7-Dec-12
Apple and Samsung's $1 billion patent battle continues,7-Dec-12
Stocks finish mixed as Apple drags down techs,7-Dec-12
Apple: A hedge fund liability?,12-Dec-12
Google chairman declares victory in Android vs. Apple,13-Dec-12
Review: Google Maps puts Apple Maps to shame,13-Dec-12
Record China sales for Apple's iPhone 5,17-Dec-12
Apple request for Samsung phone ban is denied,18-Dec-12
Armed robbers hit Apple store on New Year's Eve,2-Jan-13
Armed robbers hit Apple store on New Year's Eve,2-Jan-13
Apple still casts a long shadow over CES,10-Jan-13
Mario Balotelli: Last chance saloon for Berlusconi's 'rotten apple',11-Jan-13
Tim Cook: China will be Apple's top market,11-Jan-13
"Apple slides 3%, briefly dips below $500",14-Jan-13
"Apple slides 3%, briefly dips below $500",14-Jan-13
"Tech in focus as Apple drags, Dell rallies",14-Jan-13
Apple falls below $500,15-Jan-13
Apple's share price falls to lowest in nearly a year,15-Jan-13
Why China loves Apple,15-Jan-13
Apple headed for 1st profit decline in 9 years?,18-Jan-13
Apple deletes app for 'porn' -- what it means,23-Jan-13
"Apple sells 48 million iPhones, but profit squeezed",23-Jan-13
Apple stock plunges 12%,24-Jan-13
Stocks: Apple to drag market down,24-Jan-13
Stocks: Apple to drag market down,24-Jan-13
Stocks: Apple weighs on tech shares,24-Jan-13
Exxon tops Apple as most valuable company,25-Jan-13
Apple rolls out iOS 6.1 update,28-Jan-13
Apple dragging down hedge funds,29-Jan-13
Apple dragging down hedge funds,29-Jan-13
Apple CEO Tim Cook to be Obama's State of the Union guest,11-Feb-13
Apple iWatch doesn't scare Pebble,11-Feb-13
Report: Apple working on an 'iWatch',11-Feb-13
Apple's Cook: Einhorn lawsuit is 'silly sideshow',12-Feb-13
More than a watch: Apple's entry into wearable tech,13-Feb-13
Apple claims Einhorn holding investors hostage,14-Feb-13
Apple loses right to iPhone name in...,14-Feb-13
Apple loses right to iPhone name in...,14-Feb-13
"Apple: We were hacked, too",19-Feb-13
Is Apple losing its cool?,19-Feb-13
Little Senegal in the Big Apple: Harlem's West African heart,19-Feb-13
Little Senegal in the Big Apple: Harlem's West African heart,20-Feb-13
"Report: Eastern European gang hacked Apple, Facebook, Twitter",20-Feb-13
'Apple picking' inspires NYPD smartphone and tablet squad,22-Feb-13
Judge rules against Apple in Einhorn cash fight,22-Feb-13
Apple settles suit over in-game iTunes purchases by kids,26-Feb-13
"Judge orders new Samsung, Apple faceoff; strikes $450 million in damages",1-Mar-13
Investors click out of Apple into Google,5-Mar-13
Apple cracks India's smartphone market,13-Mar-13
Apple CEO apologizes to China,1-Apr-13
Apple dust-up leaves Chinese wondering,2-Apr-13
"At long last, Microsoft has an Apple-beating vision",10-Apr-13
Apple needs the iTV soon,18-Apr-13
Chromebook could free Google from Microsoft and Apple,19-Apr-13
"Stocks: Apple, Amazon, Netflix earnings on tap",21-Apr-13
"Stocks: Apple, Amazon, Netflix earnings on tap",21-Apr-13
Apple hints at 'exciting new product categories',24-Apr-13
"Samsung is spanking Apple in earnings, sales",29-Apr-13
Apple's new blockbuster: Bonds,1-May-13
Apple's new blockbuster: Bonds,1-May-13
Google in hot water over Apple patent dispute,6-May-13
Google in hot water over Apple patent dispute,6-May-13
Apple picks itself up off the mat,8-May-13
Individual investors rush into Apple,13-May-13
"Anonymous bidder pays $610,000 for coffee with Apple's Tim Cook",14-May-13
Apple's App Store hits 50 billion downloads,14-May-13
Apple set for showdown on Capitol Hill over corporate taxes,20-May-13
Apple grilled about tax havens,21-May-13
Man City and Yankees partner in new MLS franchise in the Big Apple,21-May-13
"Stocks: Focus on Apple, Carnival and JPMorgan",21-May-13
Don't blame Apple; blame the tax code,23-May-13
"Vintage tech 'firsts,' including Apple 1, up for auction",23-May-13
"Apple's iOS 7 may go black, white and flat",24-May-13
"Rare Apple 1 computer sold for $671,000",28-May-13
Apple CEO: Google Glass a 'difficult' product,29-May-13
Apple CEO: Google Glass a 'difficult' product,29-May-13
Apple's new security system has holes,30-May-13
Forget .com: Get ready for .google and .apple,3-Jun-13
Apple banned from selling some iPhones and iPads after Samsung patent win,4-Jun-13
Apple stores offer iPhone 5 repairs for $149,4-Jun-13
Apple: The ultimate defensive stock?,5-Jun-13
Apple: The ultimate defensive stock?,5-Jun-13
Samsung passes Apple in U.S. smartphone market - report,5-Jun-13
Apple TV needs apps,7-Jun-13
What to expect at Apple's WWDC,7-Jun-13
Apple arrives (late?) to music streaming with iTunes Radio,10-Jun-13
"Apple refreshes Macs and iOS, unveils iTunes Radio",10-Jun-13
Apple adding 'kill switch' to iPhones,11-Jun-13
No surprises at Apple conference â€“ Lori Siegel reports,11-Jun-13
The beautiful new Apple computer most people won't buy,11-Jun-13
"Reports: Apple considering bigger, cheaper iPhones",13-Jun-13
"10,000 Apple accounts subject to data requests",17-Jun-13
Apple TV adds HBO Go and WatchESPN,19-Jun-13
Apple TV adds HBO Go and WatchESPN,19-Jun-13
Apple tests motion detection features for iPhone,27-Jun-13
"Top iPhone, iPad apps now free in Apple store",8-Jul-13
Apple found to have conspired to raise e-book prices,10-Jul-13
FDA proposes new rules for arsenic levels in apple juice,12-Jul-13
Apple to probe smartphone charging death mystery,15-Jul-13
Apple to probe smartphone charging death mystery,15-Jul-13
"Stocks: Apple, Facebook, McDonald's and Boeing on tap",21-Jul-13
Apple's developer site shut down by hack attack,22-Jul-13
"Report: Apple experimenting with bigger iPhone, iPad screens",22-Jul-13
"Report: Apple experimenting with bigger iPhone, iPad screens",22-Jul-13
This is what a bad quarter for Apple looks like,22-Jul-13
Apple profit falls 22% but beats gloomy expectations,23-Jul-13
Brand expert: Apple needs to 'step up or shut up',23-Jul-13
"Apple becoming a follower, not a leader",24-Jul-13
"Apple becoming a follower, not a leader",24-Jul-13
Apple keeps tech stocks afloat,24-Jul-13
Apple shares notch best day of 2013,24-Jul-13
Apple launches probe over China labor problems,29-Jul-13
American apple pie warms struggling Spain,30-Jul-13
Apple's proposed punishment: Amazon gets its iPad bookstore back,2-Aug-13
Rush Limbaugh: Tech bloggers 'hate' Apple,5-Aug-13
Apple vs. Samsung scorecard,8-Aug-13
Apple patent win: Samsung banned from selling some phones in U.S.,9-Aug-13
Report: Apple will reveal new iPhone next month,12-Aug-13
Carl Icahn takes 'large' Apple stake,13-Aug-13
Larry Ellison: Apple won't be 'nearly so successful' without Steve Jobs,13-Aug-13
Stocks advance as Apple bounces,13-Aug-13
Apple's store headache,14-Aug-13
Stocks dip as investors focus on Fed and Apple,14-Aug-13
China is Apple's land of iPhone opportunity,20-Aug-13
China is Apple's land of iPhone opportunity,20-Aug-13
Why Apple should buy NFL digital rights,21-Aug-13
Icahn turns up the heat on Apple stock buyback,22-Aug-13
Reports: Apple will offer trade-ins for new iPhone,27-Aug-13
"IPhone 5C: Cheaper for Apple, not for you",28-Aug-13
Apple stock may ride iPhone roller coaster,29-Aug-13
Apple launches iPhone trade-in program,30-Aug-13
Apple's sliding mobile market share,3-Sep-13
It's official: Apple will hold Sept. 10 event,3-Sep-13
It's official: Apple will hold Sept. 10 event,3-Sep-13
Apple doesn't need to copy Samsung,4-Sep-13
Xiaomi: The 'Apple of China' looks abroad,4-Sep-13
Apple faces new China labor allegations,6-Sep-13
Report: Apple testing bigger iPhone screens,6-Sep-13
Report: Apple testing bigger iPhone screens,6-Sep-13
Apple's innovation problem is real,8-Sep-13
Apple looks to regain footing in China,9-Sep-13
"With new iPhone, Apple has some catching up to do",9-Sep-13
Apple unveils iPhone 5S and $99 iPhone 5C,10-Sep-13
Apple unveils two new iPhones -- the 5S and 5C,10-Sep-13
Apple's new iPhones: Hits and misses,10-Sep-13
Stocks head for gains ahead of Apple event,10-Sep-13
Apple iPhones approved for use on China Mobile network,11-Sep-13
Apple splits its pitch: Can it work?,11-Sep-13
Apple splits its pitch: Can it work?,11-Sep-13
Apple will never make a cheap iPhone,12-Sep-13
Give Apple your fingerprint? It's your call,13-Sep-13
Apple's new iOS follows the leader,19-Sep-13
Apple sells record 9 million iPhones in opening weekend,23-Sep-13
Apple sells record 9 million iPhones in opening weekend,23-Sep-13
Apple announces new desktops,24-Sep-13
Smartphone trade-ins starting to hurt Apple and Samsung,25-Sep-13
Apple passes Coke as world's 'top brand',30-Sep-13
"Stocks shrug off shutdown, boosted by Apple",1-Oct-13
Apple slammed in China for pulling firewall-busting app OpenDoor,4-Oct-13
Report: Apple announcing iPad news this month,8-Oct-13
Report: Apple announcing iPad news this month,8-Oct-13
New iPhones haven't saved Apple's stock,10-Oct-13
New iPhones haven't saved Apple's stock,10-Oct-13
Surprise! Roku LT is a better buy than Apple TV,10-Oct-13
Surprise! Roku LT is a better buy than Apple TV,10-Oct-13
Apple throws recruitment party for BlackBerry employees,11-Oct-13
Apple shares back above $500,15-Oct-13
Apple snaps up Burberry CEO Angela Ahrendts,15-Oct-13
Apple's iPad problem,18-Oct-13
Can Microsoft dethrone Apple?,18-Oct-13
Apple unveils lighter iPad Air,22-Oct-13
"Icahn ups stake in Apple, demands $150 billion buyback",24-Oct-13
"Microsoft exec savages Apple's 'struggling, lightweight' tools",24-Oct-13
"Microsoft exec savages Apple's 'struggling, lightweight' tools",24-Oct-13
Solid earnings and Apple lift stocks,24-Oct-13
Solid earnings and Apple lift stocks,24-Oct-13
MacBook Air is the best Apple laptop,25-Oct-13
"Investors wait for Fed, Apple and Facebook",27-Oct-13
Apple's profit concerns linger,28-Oct-13
Apple's profit concerns linger,28-Oct-13
iCar? Analyst says Apple should buy Tesla,28-Oct-13
Apple should focus on its mediocre software,29-Oct-13
Apple should focus on its mediocre software,29-Oct-13
It's time for Apple to go all-in with gaming,31-Oct-13
It's time for Apple to go all-in with gaming,31-Oct-13
Samsung edges Apple in tablet-satisfaction survey,1-Nov-13
Apple releases its first transparency report,6-Nov-13
Apple may be expanding in-store iPhone repairs,7-Nov-13
Apple spends way less than Microsoft on R&D,20-Nov-13
Apple spends way less than Microsoft on R&D,20-Nov-13
New photo book celebrates the art of Apple,21-Nov-13
Apple's Black Friday special: Gift cards,28-Nov-13
How to fight 'bad apple' prosecutors who abuse the justice system,4-Dec-13
Apple completes key China Mobile deal - report,5-Dec-13
Mobile shoppers spending more from Apple devices,6-Dec-13
Apple supplier under scrutiny over death,12-Dec-13
Apple supplier under scrutiny over death,12-Dec-13
Apple's Cook speaks out on civil rights,16-Dec-13
Apple's Cook speaks out on civil rights,16-Dec-13
Apple inks China Mobile deal,22-Dec-13
Apple still has a China problem,23-Dec-13
Gift cards probed in Apple purchases in New York,23-Dec-13
Apple Stores now fixing cracked iPhone 5C screens,20-Jan-14
Carl Icahn ups Apple stake to $3 billion,22-Jan-14
Apple: We're fixing the 'white screen of death',23-Jan-14
Apple's iPhone sales disappoint,27-Jan-14
Apple's iPhone sales disappoint,27-Jan-14
Icahn buys more Apple stock amid big selloff,28-Jan-14
Icahn buys more Apple stock amid big selloff,28-Jan-14
Are investors giving up on Apple?,29-Jan-14
"CNN exclusive: Obama says Walmart, Apple, others to help jobless",30-Jan-14
Apple drops top Bitcoin app from marketplace,6-Feb-14
Icahn drops Apple buyback campaign,10-Feb-14
How to fix the Apple TV,13-Feb-14
How to fix the Apple TV,13-Feb-14
"Apple, Google cracking down on 'Flappy Bird' clones",17-Feb-14
Apple's wearables will be for fitness,21-Feb-14
Hedge funds hot for oil and Apple,21-Feb-14
Hedge funds hot for oil and Apple,21-Feb-14
Apple fixes security flaw for Macs,26-Feb-14
Apple fixes security flaw for Macs,26-Feb-14
Apple ends security updates for Snow Leopard,27-Feb-14
"Apple CFO to leave, joins Goldman board",4-Mar-14
Can Apple help make hearing aids cool?,4-Mar-14
Apple releases iOS 7 update for iPads and iPhones,10-Mar-14
Apple introduces cheaper iPhone 5C,18-Mar-14
Apple introduces cheaper iPhone 5C,18-Mar-14
Tim Cook calls new Apple book 'nonsense',19-Mar-14
Why Amazon is creating an Apple TV rival,20-Mar-14
Apple's next big announcements coming in June,3-Apr-14
Apple's next big announcements coming in June,3-Apr-14
Apple shares soar on increased buyback,23-Apr-14
Apple shares soar on increased buyback,23-Apr-14
"Stocks: Buoyed by Apple, Facebook",24-Apr-14
"Stocks: Buoyed by Apple, Facebook",24-Apr-14
"Apple rolls out new, cheaper MacBook Airs",29-Apr-14
"Apple rolls out new, cheaper MacBook Airs",29-Apr-14
The African app company that trumped Apple to launch first black emoticons,30-Apr-14
Apple's Ahrendts to make $10m in June,6-May-14
Apple's Ahrendts to make $10m in June,6-May-14
Is Beats a mistake for Apple? No diggity!,9-May-14
"What Beats by Apple would mean for music, and you",9-May-14
"What Beats by Apple would mean for music, and you",9-May-14
Study: Google leapfrogs Apple as world's most valuable brand,21-May-14
Study: Google leapfrogs Apple as world's most valuable brand,21-May-14
Apple acknowledges iMessage problems,22-May-14
Apple wants to connect your home -- report,27-May-14
Apple buying Beats for $3 billion,28-May-14
Apple buying Beats for $3 billion,28-May-14
Why I broke up with Apple,28-May-14
Why I broke up with Apple,28-May-14
Apple stock: How high can it go?,30-May-14
What we want Apple to unveil at WWDC,1-Jun-14
What we want Apple to unveil at WWDC,1-Jun-14
Apple unveils iOS 8 and OS X Yosemite,2-Jun-14
"Apple's HomeKit: Safer, but not hack-proof",3-Jun-14
Craig Federighi is Apple's new Steve Jobs,3-Jun-14
"Nice job, Apple. But I'm not coming back",3-Jun-14
"Nice job, Apple. But I'm not coming back",3-Jun-14
Apple just got 'cheaper.' Will you buy?,6-Jun-14
Apple just got 'cheaper.' Will you buy?,6-Jun-14
Apple stock now costs $94. Fans love it,9-Jun-14
Apple stock now costs $94. Fans love it,9-Jun-14
"Apple, Starbucks face new tax dodging probe",11-Jun-14
Apple recalling European iPhone chargers,13-Jun-14
Apple reaches settlement on e-book price-fixing,17-Jun-14
"Apple introduces new, cheaper iMac",18-Jun-14
Apple leads share buyback binge,18-Jun-14
Apple leads share buyback binge,18-Jun-14
5 things we'd like to see from the Apple smartwatch,20-Jun-14
5 things we'd like to see from the Apple smartwatch,20-Jun-14
Apple Fast Facts,1-Jul-14
China targets Apple for location-tracking apps,11-Jul-14
China targets Apple for location-tracking apps,11-Jul-14
IBM to start selling Apple iPhones and iPads,15-Jul-14
"Apple profit soars on booming iPhone and Mac sales -- but wow, did iPads slump",22-Jul-14
Is this Apple's new iWatch?,22-Jul-14
Apple welcomes back top Bitcoin wallet app,28-Jul-14
Apple welcomes back top Bitcoin wallet app,28-Jul-14
Apple buffs up radio service with string of acquisitions,29-Jul-14
Apple buffs up radio service with string of acquisitions,29-Jul-14
Apple set to unveil new iPhones Sept. 9 - report,5-Aug-14
Truce! Apple and Samsung call off patent war outside U.S.,6-Aug-14
"Apple: mostly men, mostly white",12-Aug-14
Apple bans chemical that causes nerve damage,14-Aug-14
Apple bans chemical that causes nerve damage,14-Aug-14
New record for Apple stock,19-Aug-14
Apple recalls iPhone 5 for battery woes,25-Aug-14
Apple may unveil iWatch on September 9 -- report,27-Aug-14
Is bigger really better for Apple?,28-Aug-14
Is bigger really better for Apple?,28-Aug-14
It's official! Apple sets event for Sept. 9,28-Aug-14
"FBI, Apple investigate nude photo leak targeting Jennifer Lawrence, others",1-Sep-14
Apple is wholly unoriginal ... and that's okay,3-Sep-14
Apple supplier faces scrutiny over labor conditions in China,4-Sep-14
BlackBerry fans poke fun at Apple iCloud,4-Sep-14
BlackBerry fans poke fun at Apple iCloud,4-Sep-14
Apple to beef up security measures after nude photo leak,5-Sep-14
Apple hires celebrity designer,7-Sep-14
Apple's big event: Here's what to expect,7-Sep-14
Apple just got its mojo back,9-Sep-14
"Apple unveils two new iPhones, Apple Watch and ApplePay",9-Sep-14
"The iSeesaw: Apple stock goes up, then down",9-Sep-14
"The iSeesaw: Apple stock goes up, then down",9-Sep-14
"Apple Pay is here, so why does Europe have to wait?",10-Sep-14
"Apple Pay is here, so why does Europe have to wait?",10-Sep-14
Apple Watch: Start of a wearables revolution?,10-Sep-14
Apple's plan to change how you pay for everything,10-Sep-14
Hands-on with the new Apple Watch,10-Sep-14
How we made $1 million on Apple stock,10-Sep-14
How we made $1 million on Apple stock,10-Sep-14
Is the Apple Watch a game changer?,10-Sep-14
Will Apple Pay kill PayPal?,10-Sep-14
"Apple's Tim Cook on TV, Steve Jobs, and the iPhone 6",12-Sep-14
Can the Apple Watch take off as a fashion accessory?,12-Sep-14
Can the Apple Watch take off as a fashion accessory?,12-Sep-14
IPhone 6 pre-orders crash Apple Store and iPhone 6 Plus sells out,12-Sep-14
Apple offers a way to 'return' that free U2 album,15-Sep-14
Apple offers a way to 'return' that free U2 album,15-Sep-14
Apple sold 4 million iPhone 6 and 6 Plus in first day,15-Sep-14
Billionaire Peter Thiel tells Apple: Innovate more,16-Sep-14
Billionaire Peter Thiel tells Apple: Innovate more,16-Sep-14
Apple's iOS 8 HealthKit launch derailed by bug,17-Sep-14
Apple says iOS 8 will shield your data from police,18-Sep-14
Tim Cook didn't address Apple's real privacy problem,18-Sep-14
"Apple's iPhone 6 goes on sale, and the lines are insane",19-Sep-14
Apple sells 10 million iPhone 6 and iPhone 6 Pluses,22-Sep-14
"Apple, Twitter bet on twenty-somethings' billion dollar company",24-Sep-14
Apple: iPhone software fix 'in a few days',24-Sep-14
Apple: Only nine iPhone 6 reported to be bent,25-Sep-14
Apple: Only nine iPhone 6 reported to be bent,25-Sep-14
"FBI tells Apple, Google their privacy efforts could hamstring investigations",25-Sep-14
Apple fixes software bug in iPhone 6,26-Sep-14
Apple iPhone 6 finally cleared for launch in China,30-Sep-14
EU slams Apple's Irish tax deal,30-Sep-14
ISIS recruiting tactics: Apple pie and video games,30-Sep-14
People are now bending iPhones in Apple Stores,30-Sep-14
Apple planning Oct. 16 iPad event - report,3-Oct-14
Apple planning Oct. 16 iPad event - report,3-Oct-14
Stop the hysteria over Apple encryption,3-Oct-14
Apple announces Oct. 16 event,8-Oct-14
The value of a brand: Apple and Google top $100 billion,9-Oct-14
Inside the head of Apple's top designer,12-Oct-14
Apple Pay is making its way to stores this week,13-Oct-14
"Facebook, Apple pay to freeze employees' eggs",14-Oct-14
Apple Pay is launching on Monday,16-Oct-14
"Apple unveils new iPads, releases OS X Yosemite",16-Oct-14
Apple Pay launches today,20-Oct-14
Apple Pay is double charging some customers,22-Oct-14
Apple Pay is double charging some customers,22-Oct-14
"21,000 push Apple to replace 'defective' MacBook Pros",27-Oct-14
"21,000 push Apple to replace 'defective' MacBook Pros",27-Oct-14
Apple thinks iPad photography is here to stay,27-Oct-14
CVS and Rite-Aid are dragging you into a fight with Apple Pay,27-Oct-14
"Apple VP: When we make mistakes, we fix them quickly",28-Oct-14
Tim Cook: Apple Pay signup is 'fantastic',28-Oct-14
Apple Pay rival CurrentC just got hacked,29-Oct-14
Apple CEO Tim Cook comes out: 'I'm proud to be gay',30-Oct-14
It's easier to get an iPhone outside Hong Kong's Apple Stores than in them,30-Oct-14
Apple says it may lose Irish tax break,31-Oct-14
Apple says it may lose Irish tax break,31-Oct-14
Why retailers are afraid of Apple Pay,3-Nov-14
Disney deal brings together tech rivals Apple and Google,4-Nov-14
Disney deal brings together tech rivals Apple and Google,4-Nov-14
Apple finally lets iPhone defectors get texts again,10-Nov-14
Best CEO of 2014: Apple's Cook or BlackBerry's Chen?,14-Nov-14
Apple's Mac update fails to fix Wi-Fi problems,18-Nov-14
Will Apple soon be worth $1 trillion?,18-Nov-14
Square will soon accept Apple Pay,21-Nov-14
Apple taps Bono again -- for charity,24-Nov-14
Apple now worth a whopping $700 billion,25-Nov-14
Apple now worth a whopping $700 billion,25-Nov-14
Apple Store inspires 'bank of the future',27-Nov-14
Apple users outspend Android users on 'Black Thursday',28-Nov-14
Apple trial to feature unseen Steve Jobs video deposition,2-Dec-14
5 companies growing faster than Apple,3-Dec-14
5 companies growing faster than Apple,3-Dec-14
Apple deleted songs from customers' iPods,4-Dec-14
Apple Watches for everybody at Buzzfeed,5-Dec-14
'Frozen' and 'Serial' top Apple best-of-2014 lists,8-Dec-14
Toddler vs. Apple iPad Air 2: Stress Test,10-Dec-14
Why Apple is defending Microsoft in court,15-Dec-14
Why Apple is defending Microsoft in court,15-Dec-14
Apple wins antitrust trial,16-Dec-14
Apple pushes out first-ever automatic security upgrade for Mac,23-Dec-14
Russian iPhone prices soar 35% as Apple Store comes back online,23-Dec-14
Apple sued because iPhone isn't really 16 GB,2-Jan-15
Apple sued because iPhone isn't really 16 GB,2-Jan-15
"'I'm deeply concerned for Apple's future,' says star developer",5-Jan-15
Apple starts selling unlocked iPhone 6,6-Jan-15
Apple testing new super-thin MacBook Air,7-Jan-15
Apple testing new super-thin MacBook Air,7-Jan-15
"Apple patents camera, and GoPro shares tank",13-Jan-15
Apple's new security feature not good enough,14-Jan-15
Apple's new security feature not good enough,14-Jan-15
"Google, Apple and other tech giants settle antipoaching case for $415 million",16-Jan-15
5 things Steve Jobs said Apple would never do - and Apple is doing,19-Jan-15
Apple just posted the best quarter in corporate history,27-Jan-15
Apple just posted the best quarter in corporate history,27-Jan-15
Can Apple live up to the iHype?,27-Jan-15
Apple has mind-boggling $178 billion in cash to spend,28-Jan-15
Billionaire Carl Icahn: Apple investment is a 'no-brainer',28-Jan-15
Billionaire Carl Icahn: Apple investment is a 'no-brainer',28-Jan-15
Tim Cook's Apple is hot. But can it keep going?,29-Jan-15
Tim Cook's Apple is hot. But can it keep going?,29-Jan-15
"Mysterious 'Apple Electric Car, Inc.' files for patent",3-Feb-15
Apple's timing on bonds: Perfect,4-Feb-15
Apple's timing on bonds: Perfect,4-Feb-15
Apple CEO who fired Steve Jobs: 'I wish I had hired him back',6-Feb-15
JetBlue to be the first airline to accept Apple Pay payments in flight,10-Feb-15
An Apple Watch may help keep the doctor away,11-Feb-15
Apple said to be redesigning stores,17-Feb-15
Apple accused of stealing employees from battery maker,19-Feb-15
Apple accused of stealing employees from battery maker,19-Feb-15
The Apple car: What we know,20-Feb-15
The Apple car: What we know,20-Feb-15
Apple's new diverse emoji characters,23-Feb-15
Apple ordered to pay $533 million in iTunes patent lawsuit,25-Feb-15
Apple to host 'special' event on March 9,26-Feb-15
Apple to host 'special' event on March 9,26-Feb-15
'Modern Family' airs Apple-centric episode,26-Feb-15
Billionaire Carl Icahn can't wait to drive an Apple car,27-Feb-15
Opinion: Wearables will explode after Apple Watch debut,3-Mar-15
13 things to know about the Apple Watch,6-Mar-15
Apple to FINALLY join Dow. It's about iTime!,6-Mar-15
Thieves use stolen credit cards on Apple Pay - report,6-Mar-15
Apple Watch is the first new gadget since Steve Jobs,9-Mar-15
Cook on Apple Watch: 'I've been wanting to do this since I was 5',9-Mar-15
HBO Now will stream on Apple devices,9-Mar-15
Will your Apple Watch program YOU?,9-Mar-15
Will your Apple Watch program YOU?,9-Mar-15
Apple Watch: Smartwatches could make us even more self-obsessed,10-Mar-15
Marriott: First big hotel taking Apple Pay,10-Mar-15
Meet Apple's super-thin new MacBook,10-Mar-15
You can already buy a fake Apple Watch in China,10-Mar-15
Apple makes malls cool again,11-Mar-15
Apple's IPad sales keep falling,12-Mar-15
Apple's IPad sales keep falling,12-Mar-15
Bill and Melinda Gates are not interested in the Apple Watch,13-Mar-15
Bill and Melinda Gates are not interested in the Apple Watch,13-Mar-15
"Remember Yo? It's back, on the Apple Watch",16-Mar-15
Is this the Apple product that will reinvent TV?,17-Mar-15
Apple and banks dismiss Apple Pay fraud worries,18-Mar-15
What's next for AT&T? Apple pushed it out of Dow,19-Mar-15
Baselworld: Swiss elite shrug off Apple smart watch challenge,24-Mar-15
An iPhone for people who hate Apple,26-Mar-15
You can now trade in your Android for an iPhone at Apple Stores,31-Mar-15
Apple expects Apple Watch to sell out Friday,9-Apr-15
Oops. Apple's diverse emoji turn into aliens,9-Apr-15
"Apple Watch debuts, backordered until June",10-Apr-15
"Finally, Apple emojis reflect America",10-Apr-15
Apple bans selfie sticks,14-Apr-15
You'll be able to rent an Apple Watch -- but should you?,14-Apr-15
The Apple Watch won't be available on April 24,16-Apr-15
Apple could be America's first $1 trillion company,17-Apr-15
10 travel apps to download to your new Apple Watch,20-Apr-15
Google takes aim at Apple Watch with Android Wear updates,20-Apr-15
How to get an Apple Watch by Tuesday,22-Apr-15
An Android robot is peeing on an Apple logo in Google Maps,24-Apr-15
Take a peek inside an Apple Watch,24-Apr-15
BlackBerry would team with Apple on security,28-Apr-15
Tattoos may stop Apple Watch from working,29-Apr-15
Apple and IBM are making iPads special for seniors,30-Apr-15
Here's how much it costs to make an Apple Watch,30-Apr-15
Here's how much it costs to make an Apple Watch,30-Apr-15
Apple: Yup. Tattoos can stop Apple Watches from working,1-May-15
Who exactly is the Apple Watch for?,4-May-15
Who exactly is the Apple Watch for?,4-May-15
"Apple, BlackBerry, Yelp, Yahoo, Google. Tech merger rumor mill out of control",14-May-15
It's too easy to steal an Apple Watch,14-May-15
Huckabee defends Bush on Iraq -- but doesn't want his Apple Watch,16-May-15
Carl Icahn thinks Apple is worth ... $1.4 trillion,18-May-15
Apple and Google to Obama: Hands off our phones!,19-May-15
The Apple iTV is dead: Steve Jobs didn't 'crack it',19-May-15
Best Buy surges. It should thank Apple,21-May-15
Best Buy surges. It should thank Apple,21-May-15
Apple promotes design guru Jony Ive,25-May-15
Hear this: Apple announcements coming June 8,27-May-15
Moonves says CBS will 'probably' be part of Apple's television service,27-May-15
Can an Apple watch read your mind?,28-May-15
Apple is about to make your iPhone a lot cooler,29-May-15
Apple stock is great. So are many of its suppliers' stocks,29-May-15
Apple stock is great. So are many of its suppliers' stocks,29-May-15
Watch is Apple's most successful product launch,1-Jun-15
"Woman who dumped rare Apple computer set for $100,000 payday",1-Jun-15
"Woman who dumped rare Apple computer set for $100,000 payday",1-Jun-15
Apple is having its Microsoft moment,5-Jun-15
What will Apple announce on Monday? Six WWDC rumors,5-Jun-15
"Apple finally opens up, letting you test iOS 9",8-Jun-15
"Apple finally opens up, letting you test iOS 9",8-Jun-15
Apple unveils Apple Music streaming service,8-Jun-15
Apple updates iPhone & Mac software,8-Jun-15
"Apple, Google, Microsoft and the race to look diverse",8-Jun-15
"Apple, Google, Microsoft and the race to look diverse",8-Jun-15
Apple's new way to deliver the news to you,8-Jun-15
"Pandora faces the music as Apple, Spotify are big threats",10-Jun-15
Apple Music will sound worse but save on your data plan,11-Jun-15
Apple Store employees tell Tim Cook: We're treated like 'criminals',11-Jun-15
Apple is hiring journalists,16-Jun-15
Apple CEO Tim Cook: Remove symbols of racism,22-Jun-15
Beyond Apple: 8 stocks that Morgan Stanley loves,22-Jun-15
How Taylor Swift won over Apple,22-Jun-15
How Taylor Swift won over Apple,22-Jun-15
"Next Apple Watch could have camera, better WiFi",22-Jun-15
Apple pulls Confederate flag-bearing Civil War games from App Store,25-Jun-15
Apple's new feature makes the classroom mobile,25-Jun-15
Taylor Swift agrees to stream '1989' on Apple Music,25-Jun-15
Apple reinstates some Confederate flag Civil War games,26-Jun-15
Is Apple looking to buy this innovative company?,26-Jun-15
Is Apple looking to buy this innovative company?,26-Jun-15
Apple Music is here: 5 things to know,30-Jun-15
Apple Music is here: 5 things to know,30-Jun-15
Apple Music suffers snafu during debut,30-Jun-15
Apple Music suffers snafu during debut,30-Jun-15
Apple iPhone 6S photos have been leaked,1-Jul-15
How to keep Apple from charging you for Apple Music,1-Jul-15
A red flag for Apple: Sales of watches may have dipped,8-Jul-15
Has Apple peaked?,10-Jul-15
Apple updates iPods for first time in 3 years,15-Jul-15
Former Apple engineers build 'a computer that cooks',15-Jul-15
The iPod is outperforming the Apple Watch,16-Jul-15
How Apple could make a $53 billion profit this year,17-Jul-15
How Apple could make a $53 billion profit this year,17-Jul-15
Tech stocks are flying. Will Apple carry them even higher?,19-Jul-15
Tech stocks are flying. Will Apple carry them even higher?,19-Jul-15
Apple adds a Chrysler exec to its team. Is a car far behind?,21-Jul-15
"Apple App store, iTunes back up after outage",21-Jul-15
"Apple App store, iTunes back up after outage",21-Jul-15
Apple stock tumbles as iPhone sales disappoint,21-Jul-15
Apple has $203 billion in cash. Why?,22-Jul-15
Apple's iPhone suppliers are getting crushed,22-Jul-15
Apple pulls the Google Nest smart thermostat from its shelves,24-Jul-15
Apple Watch now at Best Buy,27-Jul-15
"Bus drivers for Apple, Yahoo demand $27.50 an hour",3-Aug-15
Why Apple stock has plunged 15% from its all-time high,4-Aug-15
Why Apple stock has plunged 15% from its all-time high,4-Aug-15
Apple has shut down its online store but made it easier to shop,7-Aug-15
Finally: The $3000 Putin-themed Apple Watch you've been waiting for is here,11-Aug-15
Crack down on 'bad apple' gun dealers,13-Aug-15
Apple now lets you restore deleted iPhone files,14-Aug-15
'Compton' by Dr. Dre streamed 25 million times on Apple Music,17-Aug-15
How many shares can Apple repurchase?,21-Aug-15
Apple will fix iPhone 6 Plus phones that take blurry photos,23-Aug-15
Apple stock goes on a wild ride,24-Aug-15
Apple Pay is coming to a food truck near you,27-Aug-15
Apple to make (iPhone 6S?) announcement on September 9,27-Aug-15
Former Apple CEO John Sculley debuts new smartphone,27-Aug-15
Apple Music exec quits two months after launch,28-Aug-15
Apple's next pursuit: Its own original programming a la Netflix?,1-Sep-15
Netflix down 8% as Apple talks to Hollywood,1-Sep-15
Netflix down 8% as Apple talks to Hollywood,1-Sep-15
Netflix CEO: No big deal if Apple makes TV,2-Sep-15
Apple beaten on rumored iPhone 6S feature by an orange,3-Sep-15
What will Apple announce on Wednesday?,4-Sep-15
The iPhone 6S won't be Apple's most important announcement Wednesday,7-Sep-15
Apple's stock is a screaming buy right now,8-Sep-15
Apple's stock is a screaming buy right now,8-Sep-15
How 15 seconds of an Apple ad changed Blick Bassy's life,8-Sep-15
Apple criticized for Photoshopping smile on woman's face,9-Sep-15
Apple criticized for Photoshopping smile on woman's face,9-Sep-15
Is the new Apple TV worth $149?,9-Sep-15
Artists cheer the new Apple Pencil stylus,10-Sep-15
Hands on with Apple's newest devices,10-Sep-15
Hands on with Apple's newest devices,10-Sep-15
"Step aside, Apple: India is Micromax territory",10-Sep-15
Apple busted for not paying China taxes,11-Sep-15
Apple busted for not paying China taxes,11-Sep-15
Apple: iPhone 6S and Plus sales 'on pace to beat last year's 10 million',14-Sep-15
Apple delays WatchOS 2 due to bug,16-Sep-15
Apple says iOS 9 is most successful update ever,21-Sep-15
Apple says iOS 9 is most successful update ever,21-Sep-15
Apple releases iOS 9.0.1 with plenty of bug fixes,24-Sep-15
Apple's iPhone 6S has officially launched,25-Sep-15
Apple's iPhone 6S has officially launched,25-Sep-15
What the iCar will mean for Apple's bottom line,25-Sep-15
Apple buys 11 map startups -- but still trails Google,28-Sep-15
Apple iPhone 'Bendgate' is over,28-Sep-15
Apple sells record 13 million new iPhones,28-Sep-15
Apple Music is coming to China - and it's cheap,30-Sep-15
Everything we know so far about the Apple Car,30-Sep-15
Everything we know so far about the Apple Car,30-Sep-15
Target will sell the Apple Watch,4-Oct-15
"Elon Musk says, 'Yo, I don't hate Apple'",9-Oct-15
Former Apple CEO on making of Steve Jobs movie,9-Oct-15
Apple is opening its first stores in the Middle East,15-Oct-15
Apple bans hundreds of iPhone apps that secretly gathered personal info,19-Oct-15
Apple's new billion-dollar business,20-Oct-15
Tim Cook: Apple TV to ship next week,20-Oct-15
Steve Ballmer just went off on Amazon and Apple,23-Oct-15
Apple and other tech giants slam anti-hacking bill for being creepy,26-Oct-15
Does Apple have a big China problem?,26-Oct-15
Apple's profit soars 31% on the back of strong iPhone and Mac sales,27-Oct-15
Apple's profit soars 31% on the back of strong iPhone and Mac sales,27-Oct-15
Who is buying Apple products? Old men.,29-Oct-15
Apple's original iPhone designer lands at China's top smartphone maker,2-Nov-15
Siri transforms the new Apple TV,3-Nov-15
You love Apple's stock. Here's why.,4-Nov-15
What is Apple's next big step with TV?,6-Nov-15
Manhattan DA says Apple makes terrorism cases 'go cold',18-Nov-15
"Apple Pencils are in short supply, going for $500 on eBay",20-Nov-15
Apple's Jimmy Iovine thinks women can't find music,20-Nov-15
Apple's Jimmy Iovine thinks women can't find music,20-Nov-15
Q&A with Apple exec about News app,30-Nov-15
Microsoft and Apple hug it out for the holidays,2-Dec-15
Microsoft and Apple hug it out for the holidays,2-Dec-15
Carson: Officer in Laquan McDonald shooting 'a bad apple',10-Dec-15
Mark Cuban says Apple should ban Twitter,10-Dec-15
Should Apple buy GoPro? Adobe? How about Tesla?,10-Dec-15
The best apps of 2015 ... according to Apple and Google,10-Dec-15
Taylor Swift's '1989' world tour film coming to Apple Music,13-Dec-15
Tim Cook shakes up Apple's management,17-Dec-15
"Apple scheming to avoid taxes? 'Total political crap,' says Tim Cook",18-Dec-15
Why Apple's stock is down in 2015: iPhone worries,18-Dec-15
Why Apple's stock is down in 2015: iPhone worries,18-Dec-15
Facebook now shows Apple's Live photos,21-Dec-15
Apple looks to take down British encryption plan,22-Dec-15
Apple quirk lets pirates build a giant store of fake iPhone apps,23-Dec-15
Will Google pass Apple as most valuable company?,24-Dec-15
Apple shares have rotten start to the year,6-Jan-16
Apple buys AI company that can read your emotions,7-Jan-16
Apple pay: What Tim Cook and other top execs make,7-Jan-16
Apple pay: What Tim Cook and other top execs make,7-Jan-16
"Apple, Facebook, Twitter meeting feds to talk terrorists on social media",7-Jan-16
Apple stock plunges below $100. Next stop: $65?,8-Jan-16
"Apple adding night mode, education features to iOS",11-Jan-16
Apple is the only Big Tech company that hasn't announced a VR product,13-Jan-16
Apple's board calls diversity proposal 'unduly burdensome and not necessary',15-Jan-16
Apple will start charging for iTunes Radio,16-Jan-16
Apple applies to open stores in India,20-Jan-16
Apple CEO Tim Cook met with Pope Francis at the Vatican,22-Jan-16
What we know about Apple's VR plans,25-Jan-16
Apple posts record profit but iPhone growth is slowing,26-Jan-16
Apple posts record profit but iPhone growth is slowing,26-Jan-16
Apple CEO warns of unprecedented 'extreme conditions',27-Jan-16
Apple CEO warns of unprecedented 'extreme conditions',27-Jan-16
Apple's new $20 billion business,27-Jan-16
Apple's Safari browser crashed worldwide,27-Jan-16
Oil and Apple sour stock market mood,27-Jan-16
"Sorry, Apple. Alphabet now the most valuable company",2-Feb-16
Apple owes $626 million in damages after losing huge patent case,4-Feb-16
Gwyneth Paltrow and daughter Apple could be twins,9-Feb-16
Les Moonves says talks with Apple have stopped,11-Feb-16
Les Moonves says talks with Apple have stopped,11-Feb-16
Dr. Dre to star in Apple's first original TV series,12-Feb-16
Kanye West: 'My album will never never never be on Apple',16-Feb-16
Donald Trump: Apple should hack San Bernardino shooter phone,17-Feb-16
Tim Cook says the FBI wants Apple to 'hack' your iPhone,17-Feb-16
"Anger, praise for Apple for rebuffing FBI over San Bernardino killer's phone",18-Feb-16
Apple could break into Farook's phone if it wanted to,18-Feb-16
Apple vs. FBI: See who's taking sides,18-Feb-16
Apple's next move in its privacy fight against the FBI,18-Feb-16
Google CEO stands firm with Apple,18-Feb-16
Google CEO stands firm with Apple,18-Feb-16
Mozilla chief: FBI snooping at Apple 'back door' makes you less safe,18-Feb-16
The Apple encryption debate... in 2 minutes,18-Feb-16
The Apple encryption debate... in 2 minutes,18-Feb-16
Apple CEO asked to testify on unlocking iPhone encryption,19-Feb-16
Facebook takes Apple's side in privacy fight with FBI,19-Feb-16
Trump calls for Apple boycott,19-Feb-16
U.S. tries to force Apple to unlock San Bernardino shooter's iPhone,19-Feb-16
Apple says law enforcement missed chance to back up shooter's phone,20-Feb-16
Apple's encryption fight: What price are you prepared to pay?,21-Feb-16
Apple promises privacy - but not on iCloud,22-Feb-16
FBI director says Apple encryption demand is 'about the victims',22-Feb-16
FBI director says Apple encryption demand is 'about the victims',22-Feb-16
Mark Zuckerberg backs Apple in encryption debate,22-Feb-16
Tim Cook emails Apple staff: 'This case is about more than a single phone',22-Feb-16
Apple vs. the FBI ... in 2 minutes,23-Feb-16
Congressman tells FBI to back down on Apple,23-Feb-16
DOJ: Apple has routinely helped law enforcement -- until recent publicity,23-Feb-16
Apple CEO Tim Cook: Unlocking terrorist's iPhone is 'bad for America',24-Feb-16
Apple vs. FBI is a sign of a dangerous divide,24-Feb-16
Apple Watch had a disappointing holiday quarter,24-Feb-16
Apple's stock has worms but FBI isn't one of them,24-Feb-16
Apple to court: Government can't force us to write code,25-Feb-16
Apple vs. FBI debate may be the least of our challenges,25-Feb-16
Apple vs. FBI: A timeline,25-Feb-16
Apple's next goal: an unbreakable iPhone,25-Feb-16
FBI director: 'Possible broader implications' from Apple order,25-Feb-16
"Amazon, Facebook, Google and Microsoft pledge support for Apple",26-Feb-16
"Apple's lawyer: If we lose, it will lead to a 'police state'",26-Feb-16
"Carson, Cruz and Rubio agree with Obama on Apple during GOP debate",26-Feb-16
"Carson, Cruz and Rubio agree with Obama on Apple during GOP debate",26-Feb-16
Here's what it would cost Apple to help the FBI hack an iPhone,26-Feb-16
Today's 5 things: Trump vs. everybody. Apple vs. the FBI. Cops vs. a unicorn.,26-Feb-16
DA says Apple is crippling investigations across the country,29-Feb-16
Judge sides with Apple over feds in New York,29-Feb-16
Apple says complying with FBI will hurt everyone but terrorists,1-Mar-16
Apple says complying with FBI will hurt everyone but terrorists,1-Mar-16
"Trump voters 'don't care about facts,' says former Apple CEO John Sculley",1-Mar-16
ACLU: FBI wants to 'commandeer' Apple,2-Mar-16
"Apple, want to show you really care? Protect us from everyday hacking",2-Mar-16
"Apple, want to show you really care? Protect us from everyday hacking",2-Mar-16
Frank Lampard: EPL legend primed for second bite at Big Apple,2-Mar-16
Husband of San Bernardino victim backs Apple,3-Mar-16
Who's with Apple and who's with the FBI,3-Mar-16
NFL prospect Eli Apple: Falcons asked me if I like men,4-Mar-16
Apple computers targeted in first 'ransomware' attack,7-Mar-16
Apple could reveal mini iPhone 5SE on March 21,10-Mar-16
Apple could reveal mini iPhone 5SE on March 21,10-Mar-16
Facebook and WhatsApp might be the next Apple in encryption fight,10-Mar-16
U.S. pushes back against Apple: Writing code is not free speech,10-Mar-16
U.S. pushes back against Apple: Writing code is not free speech,10-Mar-16
Apple gets final word in encryption fight: The government just doesn't get it,15-Mar-16
Apple gets new encryption patent - even as it fights the FBI,17-Mar-16
'Apple saved my life',18-Mar-16
What to expect at Monday's Apple event,18-Mar-16
Apple announces four-inch iPhone SE and smaller iPad Pro,21-Mar-16
Apple drops Apple Watch price to $299,21-Mar-16
Apple will battle the FBI in court Tuesday,21-Mar-16
Apple's encryption fight is far from over,22-Mar-16
There's a slim chance the FBI will have to tell Apple how it'll break into terrorist's iPhone,24-Mar-16
FBI says it has cracked terrorist's iPhone without Apple's help,28-Mar-16
FBI needs to offer Apple an olive branch,30-Mar-16
Apple fixes iPhone bug that caused devices to crash,31-Mar-16
Apple updates Siri's response to 'I was raped',31-Mar-16
The third Apple co-founder who lost out on a fortune,31-Mar-16
This museum wants the Apple Watch to be your tour guide,31-Mar-16
Grieving father pleads with Apple to unlock his dead son's iPhone,1-Apr-16
Grieving father pleads with Apple to unlock his dead son's iPhone,1-Apr-16
Never say never: Kanye West's 'The Life of Pablo' is now on Apple,1-Apr-16
"Taylor Swift, once an Apple critic, now in Apple Music ad",1-Apr-16
"The quest for an unbreakable phone is 'impossible,' says Apple",1-Apr-16
Apple is close to selling its billionth iPhone,4-Apr-16
"Apple is soaring, but is Google a better buy?",7-Apr-16
"Meet Zerodium, the company that pays $1 million for Apple hacks",7-Apr-16
Feds demand Apple's help in unlocking Brooklyn drug dealer's iPhone,8-Apr-16
Senate bill would force Apple to put a back door on iPhones,13-Apr-16
Apple unveils new and improved MacBook,19-Apr-16
Apple delays earnings for Bill Campbell memorial,20-Apr-16
Apple delays earnings for Bill Campbell memorial,20-Apr-16
Apple's iPhone sales sink for the first time ever last quarter,26-Apr-16
Apple employee found dead at company headquarters,27-Apr-16
Apple employee found dead at company headquarters,27-Apr-16
Irony alert! FBI won't tell Apple how it hacked terrorist's iPhone,27-Apr-16
The iPhone 6S has been a major disappointment for Apple,27-Apr-16
The iPhone 6S has been a major disappointment for Apple,27-Apr-16
Apple patent shows better version of autocorrect,28-Apr-16
One of Apple's biggest cheerleaders is selling,28-Apr-16
Apple employee found dead at HQ shot himself,29-Apr-16
What's wrong with Apple?,3-May-16
Apple loses 'iPhone' wallets lawsuit in China,4-May-16
China troubles for Apple and Disney have western media on edge,5-May-16
Why I'm not selling my Apple stock,5-May-16
Apple stock slumps to near 2-year low,6-May-16
Apple stock slumps to near 2-year low,6-May-16
Google is worth more than Apple again,12-May-16
Apple pumps $1 billion into Uber's China rival Didi Chuxing,13-May-16
Tim Cook visits India for the first time as Apple CEO,17-May-16
Google's Chromebooks outsold Apple's Macs in the U.S. for the first time,20-May-16
Google's Chromebooks outsold Apple's Macs in the U.S. for the first time,20-May-16
Hedge funds hate Apple ... but love Facebook,22-May-16
"Apple, tech giants lead $1.6 trillion cash hoard",23-May-16
Next big Apple announcements are coming June 13,1-Jun-16
Can Apple save Siri?,10-Jun-16
What to expect at Apple's big event,11-Jun-16
"Apple bringing Siri to your Mac, opening up Messages",13-Jun-16
"Apple bringing Siri to your Mac, opening up Messages",13-Jun-16
LinkedIn cancels Apple WWDC viewing party,13-Jun-16
Sling TV launches on Apple TV,13-Jun-16
Apple gets patent for wrap-around iPhone screen,14-Jun-16
Apple ordered to halt iPhone 6 sales in Beijing,17-Jun-16
India opens its doors to Apple stores,20-Jun-16
India opens its doors to Apple stores,20-Jun-16
Apple patents technology to block your phone camera,30-Jun-16
Will buying Tidal help Apple fend off Spotify?,1-Jul-16
Apple to let Health app users sign up as organ donors,5-Jul-16
What you need to know about Apple's new iOS,7-Jul-16
What you need to know about Apple's new iOS,7-Jul-16
Apple is making a reality TV show ... about apps,13-Jul-16
Pokemon Go may give Apple $3 billion boost,20-Jul-16
"South China Sea: Beijing calls KFC, Apple protests 'irrational'",21-Jul-16
Apple Watch sales are down 55%,22-Jul-16
Apple Watch sales are down 55%,22-Jul-16
Apple probably just sold its billionth iPhone,26-Jul-16
Apple probably just sold its billionth iPhone,26-Jul-16
Apple sales fall for second straight quarter,26-Jul-16
'Carpool Karaoke' series will be exclusively on Apple Music,26-Jul-16
Apple sells its billionth iPhone,27-Jul-16
Beaten-down Apple stock has best day in 2 years,27-Jul-16
Kanye West rants about Tidal-Apple 'beef',30-Jul-16
Apple now owns a piece of Uber?,1-Aug-16
"Apple says it now pays women, men, whites and minorities equally",4-Aug-16
Apple mistakenly listed on patent for a 'war situation' device (story corrected),9-Aug-16
Apple patent hints future iPhones could be waterproof,15-Aug-16
Apple's Tim Cook on his mistakes and what the future holds,15-Aug-16
Apple's Tim Cook on his mistakes and what the future holds,15-Aug-16
Warren Buffett increases stake in Apple,15-Aug-16
Inside Apple's ultra modern World Trade Center store,16-Aug-16
Apple slips as worries about iPhone sales linger,17-Aug-16
Apple ups China bet with first research and development center,17-Aug-16
"Microsoft, Google gang up on Apple in new ads",17-Aug-16
"Apple, Google, Microsoft join 'strike force' to fight robocalls",19-Aug-16
Steve Wozniak to Apple: Keep the iPhone's headphone jack,24-Aug-16
Steve Wozniak to Apple: Keep the iPhone's headphone jack,24-Aug-16
U.S. warns EU: Don't hit Apple with a massive tax bill,25-Aug-16
"Apple, Facebook, Target sign White House pledge on gender gap on Women's Equality Day",26-Aug-16
These smartphone makers are beating Apple in China,26-Aug-16
Apple's next iPhone will likely be unveiled Sept. 7,29-Aug-16
How Apple paid just 0.005% tax on its global profits,30-Aug-16
Why Apple's loss is the world's gain,30-Aug-16
Why Apple's loss is the world's gain,30-Aug-16
"Apple, OMA and NASA nominated for the London Design Museum's Beazley Designs of the Year",1-Sep-16
iPhone rumor roundup: What's expected for Apple's next smartphone,1-Sep-16
Tim Cook: Apple could move billions back to U.S. next year,1-Sep-16
Tim Cook: Apple could move billions back to U.S. next year,1-Sep-16
Why the people of this Irish city love Apple,1-Sep-16
Ireland doesn't want $14.5 billion in tax from Apple,2-Sep-16
No headphone jack and a new shade of black: What to expect at Apple's iPhone event,6-Sep-16
"No iPhone 7 headphone jack? Apple, don't do it",6-Sep-16
Apple has the 'courage' to eliminate headphone jack,7-Sep-16
Apple unveils iPhone 7 and new Watch,7-Sep-16
Apple eliminates headphone jack from iPhone 7: Harmful to your health?,8-Sep-16
Apple eliminates headphone jack from iPhone 7: Harmful to your health?,8-Sep-16
Apple's headphone jack: all your angry questions answered,8-Sep-16
Hands on with the new Apple devices,8-Sep-16
How a U.S. tipoff led to Apple's $14 billion EU tax bill,9-Sep-16
Apple's iOS 10 is all about fun messaging and photos,13-Sep-16
Apple's iOS 10 update caused major headaches for some users,13-Sep-16
Lucky number 7! Apple's stock is soaring,14-Sep-16
Apple has already sold out of the jet black iPhone 7,15-Sep-16
Apple Watch 2 review: There's finally a reason to buy a smartwatch,17-Sep-16
Apple Watch 2 review: There's finally a reason to buy a smartwatch,17-Sep-16
Verge editor secretly worked at Apple for months,24-Sep-16
Verge editor secretly worked at Apple for months,24-Sep-16
Drake's 'Views' breaks Apple Music record with 1 billion streams,27-Sep-16
Aetna insurance will subsidize the Apple Watch,28-Sep-16
Aetna insurance will subsidize the Apple Watch,28-Sep-16
Google makes fun of Apple's missing headphone jack,4-Oct-16
Ended: Live presidential debate on Apple News,6-Oct-16
Samsung's pain is Apple's gain,11-Oct-16
Samsung's pain is Apple's gain,11-Oct-16
Apple's rumored Mac event set for October 27,19-Oct-16
Ended - October 19 presidential debate on Apple News,20-Oct-16
Kanye West heated about Tidal vs. Apple,20-Oct-16
Kanye West heated about Tidal vs. Apple,20-Oct-16
AT&T and Time Warner ink a massive deal; Big (Apple) Mac event; Earnings mega-week,23-Oct-16
Apple's annual sales fall for first time since 2001,25-Oct-16
Earnings deluge; Apple of my eye; Twitter in focus,25-Oct-16
Apple delays its AirPods launch,26-Oct-16
Apple underwhelms; Chipotle stock sinks; Atwitter over Twitter,26-Oct-16
Apple underwhelms; Chipotle stock sinks; Atwitter over Twitter,26-Oct-16
Apple Watch sales are way down: Are smartwatches still cool?,26-Oct-16
Apple Watch sales are way down: Are smartwatches still cool?,26-Oct-16
Apple's Jony Ive to design a Christmas tree,26-Oct-16
Microsoft goes after Apple users with sleek Surface desktop,26-Oct-16
Apple Mac upgrade; Tesla stock revs up; ZTO IPO is here,27-Oct-16
Apple unveils MacBook Pro with touch bar on top of keyboard,27-Oct-16
The woman featured in Apple's accessibility video also edited it,28-Oct-16
How Pixar saved Steve Jobs and Apple,1-Nov-16
How Pixar saved Steve Jobs and Apple,1-Nov-16
Apple cuts prices on dongles after complaints,4-Nov-16
This school helps inexperienced programmers land jobs at Apple,12-Nov-16
Apple releases design book dedicated to Jobs,15-Nov-16
Apple will fix iPhone 6 Plus devices with 'Touch Disease',18-Nov-16
Apple will fix iPhone 6 Plus devices with 'Touch Disease',18-Nov-16
How Micromax took the fight to Apple and Samsung,18-Nov-16
How Micromax took the fight to Apple and Samsung,18-Nov-16
Apple offers free battery replacement for iPhone 6S shutdown problem,21-Nov-16
Apple hints at a foldable iPhone once again,22-Nov-16
Apple offers Black Friday gift cards to shoppers,25-Nov-16
Supreme Court sides with Samsung in Apple patent case,6-Dec-16
Apple supplier Foxconn is in talks to invest in the U.S.,7-Dec-16
Why Apple is investing in wind turbines in China,9-Dec-16
Apple owes $2 million for not giving workers meal breaks,15-Dec-16
Super Mario Run arrives on Apple devices,15-Dec-16
Apple and Ireland go on offensive against EU's $14B tax bill,19-Dec-16
Apple AirPods review: Do they actually stay in your ears?,21-Dec-16
"Apple cider vinegar helps blood sugar, body fat, studies say",22-Dec-16
"Apple cider vinegar helps blood sugar, body fat, studies say",22-Dec-16
Apple invests $1 billion in massive tech fund,4-Jan-17
Apple yanks New York Times apps in China,5-Jan-17
Apple cuts Tim Cook's pay 15% for missing sales goals,6-Jan-17
Apple is setting up shop in Samsung territory,6-Jan-17
This was Apple's prototype for the iPhone,6-Jan-17
This was Apple's prototype for the iPhone,6-Jan-17
Apple gets bump from Trump and Samsung's woes,10-Jan-17
Apple gets bump from Trump and Samsung's woes,10-Jan-17
Apple's iPhone supplier posts rare sales decline,11-Jan-17
Apple's iPhone supplier posts rare sales decline,11-Jan-17
The 'Apple of China' admits it grew too quickly,13-Jan-17
"Apple supplier Foxconn could create 50,000 jobs in U.S.",23-Jan-17
Apple wants to start making iPhones in India,25-Jan-17
Apple wants to start making iPhones in India,25-Jan-17
Tim Cook: 'Apple would not exist without immigration',28-Jan-17
Apple ends losing streak with $78 billion quarter,31-Jan-17
Apple considering legal action over Trump's travel ban,1-Feb-17
Apple considering legal action over Trump's travel ban,1-Feb-17
"Apple has $246 BILLION in cash, nearly all overseas",1-Feb-17
Apple soars to 18-month high on hopes for next iPhone,1-Feb-17
"Apple is set to start making iPhones in India, minister says",3-Feb-17
"Apple CEO Tim Cook calls for ""massive campaign"" against fake news",12-Feb-17
Apple stock nears record high,13-Feb-17
Apple stock hits new all-time high,14-Feb-17
Apple's massive spaceship campus will open in April,22-Feb-17
Apple criticizes Trump over reversal of transgender bathroom guidelines,23-Feb-17
"Apple, Microsoft, PayPal join legal fight for transgender rights",24-Feb-17
Apple unveils special-edition iPhone 7 in red,21-Mar-17
Apple worth $750 billion. Next stop? $1 trillion,21-Mar-17
Apple's new Clips app creates social media-friendly videos,21-Mar-17
Ended: Day 4 of Supreme Court confirmation hearing on Apple News,23-Mar-17
"4 things to know about Apple's red iPhone, new iPad and movie app",24-Mar-17
"4 things to know about Apple's red iPhone, new iPad and movie app",24-Mar-17
Apple drops a supplier and its stock falls 72%,3-Apr-17
Apple drops a supplier and its stock falls 72%,3-Apr-17
Apple sued by regulator over refusal to service 'bricked' iPhones,6-Apr-17
The power of Apple: Chipmaker shares hammered over analyst warning,11-Apr-17
Apple gets permit to test self-driving cars in California,14-Apr-17
Apple cider vinegar: What the experts say,18-Apr-17
Ended: Earth Day events and March for Science on Apple News,20-Apr-17
Where Apple stands in its quest for 100% clean energy,22-Apr-17
Where Apple stands in its quest for 100% clean energy,22-Apr-17
'Carpool Karaoke' fans kept waiting for Apple series,25-Apr-17
'Carpool Karaoke' fans kept waiting for Apple series,25-Apr-17
Apple has a quarter-trillion dollars in cash,2-May-17
Apple iPhone sales fall again. Tim Cook blames rumor mill,2-May-17
Microsoft takes on Apple with new $999 Surface Laptop,2-May-17
Apple in focus; Earnings runneth over; Fed's next move,3-May-17
Should Apple buy Disney? Tesla? The Raiders?,3-May-17
Tim Cook: Apple creating $1B fund to bring manufacturing jobs to the U.S.,3-May-17
"Warren Buffett talks IBM, airlines, Apple at annual meeting",6-May-17
Apple to invest additional $1 billion in Nevada,10-May-17
Apple to invest additional $1 billion in Nevada,10-May-17
Apple to invest $200 million in U.S. glass maker Corning,12-May-17
Apple will finally sell 'made in India' iPhones,17-May-17
Apple hires first VP of diversity,23-May-17
What to expect at Apple's big event Monday,3-Jun-17
London attack; Apple unveils new iPhone software; Yahoo shareholders vote,4-Jun-17
Apple taking on Venmo with peer-to-peer payments,5-Jun-17
Apple unveils an Amazon Echo competitor,5-Jun-17
"Apple, Facebook, Google join hundreds of businesses in support for Paris agreement",5-Jun-17
Gulf diplomatic spat; London attack; Apple developers conference,5-Jun-17
Apple's plan to kill autoplay feature could leave publishers in the dust,6-Jun-17
Apple built a machine just for replacing iPhone screens,7-Jun-17
Apple's HomePod is coming. Here's what you need to know about smart speakers,8-Jun-17
"Apple's Tim Cook: 'Don't listen to trolls, and for God's sake don't become one'",9-Jun-17
Apple gets cored: Stock falls on iPhone 8 concerns,12-Jun-17
Tim Cook says Apple is working on self-driving tech: Just not a car,13-Jun-17
Tesla's Autopilot chief out just six months after leaving Apple,21-Jun-17
"The Apple Watch, chopsticks and water bottles: Objects designers love to hate",23-Jun-17
"The Apple Watch, chopsticks and water bottles: Objects designers love to hate",23-Jun-17
Inside Apple: How the iPhone almost never happened,27-Jun-17
Apple rival shows off phone with on-screen fingerprint scanner,29-Jun-17
Apple vs. Google: Which is the better stock?,29-Jun-17
Formula E: Big Apple double for Sam Bird and Virgin Racing,16-Jul-17
"Apple unveils new emoji, including breastfeeding mom",17-Jul-17
Apple patents way to secretly call 911 using your fingerprint,18-Jul-17
"Apple, Google and Microsoft are hoarding $464 billion in cash",19-Jul-17
Can apple cider vinegar help with weight loss?,19-Jul-17
Apple supplier Foxconn says it will build big Wisconsin factory,26-Jul-17
Apple supplier: We're not ready to announce U.S. factory just yet,26-Jul-17
Apple discontinues iPod nano and iPod shuffle,27-Jul-17
Apple discontinues iPod nano and iPod shuffle,27-Jul-17
Samsung's profit on track to beat Apple,27-Jul-17
Apple is removing VPN apps that allow users to skirt China's Great Firewall,29-Jul-17
Apple is removing VPN apps that allow users to skirt China's Great Firewall,29-Jul-17
Apple and Tesla earnings; Jobs report; German carmakers gather for 'diesel summit',30-Jul-17
"Apple earnings; Dow 22,000 in sight; Dollar slumps",1-Aug-17
Apple stock pops on optimism for iPhone 8 sales,1-Aug-17
"Dow nears 22,000; Apple defies gravity; AMC's scary preview",2-Aug-17
Apple's Tim Cook: I disagree with Trump on Charlottesville,17-Aug-17
Apple's Tim Cook: I disagree with Trump on Charlottesville,17-Aug-17
Tim Cook: Apple will invest $1.3 billion in Iowa,24-Aug-17
Fitbit tries to catch up to the Apple Watch,28-Aug-17
Apple teases the future of augmented reality apps,29-Aug-17
Apple's Tim Cook gets $89 million stock payout,29-Aug-17
Apple finally speaks up on net neutrality,31-Aug-17
Apple finally speaks up on net neutrality,31-Aug-17
Apple will likely unveil new iPhones on Sept. 12,31-Aug-17
"Apple donates $5 million to hurricane relief, makes it easier for customers to donate",8-Sep-17
Apple's big iPhone reveal is a day away,9-Sep-17
"Will $1,000 iPhone = $1 trillion value for Apple?",11-Sep-17
Apple's next big thing; North Korea; Sunny stocks,12-Sep-17
"First look at Apple Park, Steve Jobs' dream campus",12-Sep-17
"First look at Apple Park, Steve Jobs' dream campus",12-Sep-17
Nordstrom buyout; Apple aftermath; Toshiba sale,13-Sep-17
The X factor: Did Apple wow enough?,13-Sep-17
Apple-backed group to buy Toshiba chip business for $18 billion,21-Sep-17
"Sorry, kids: Apple's new Face ID isn't meant for you",27-Sep-17
FCC calls on Apple to activate FM chips in iPhones for public safety,28-Sep-17
Apple reports record number of U.S. national security requests,29-Sep-17
"Schumer, Pelosi: Dreamers are as American as apple pie",29-Sep-17
"Apple teases hundreds of new emoji, including gender neutral options",6-Oct-17
Apple's Jony Ive: Some people 'misuse' iPhones,6-Oct-17
The iPhone X won't solve Apple's China problems,2-Nov-17
Who will run the Fed?; U.K. rate hike; Apple earnings,2-Nov-17
Apple crosses $900 billion. Next stop: $1 trillion?,3-Nov-17
Apple defends use of new tax haven after Ireland got tough,7-Nov-17
Jennifer Aniston returning to TV in Apple original series with Reese Witherspoon,8-Nov-17
"Apple finally fixes ""i"" autocorrect issue",9-Nov-17
Apple's HomePod speaker delayed until next year,17-Nov-17
There's a bug in Apple's most recent operating system,28-Nov-17
There's a bug in Apple's most recent operating system,28-Nov-17
Apple files for yet another flip phone patent,29-Nov-17
Apple fixes macOS High Sierra security flaw,29-Nov-17
Apple may not need this supplier. Its stock crashes 23%,4-Dec-17
Amazon Prime Video now available on Apple TV,6-Dec-17
Amazon Prime Video now available on Apple TV,6-Dec-17
"Siri, what's that song? Apple buys Shazam",11-Dec-17
Can Apple make us play Pokemon Go again?,20-Dec-17
"Apple: Yes, we're slowing down older iPhones",21-Dec-17
"Yes, Apple is slowing your old iPhone. But it's not a conspiracy",21-Dec-17
What to do if you think Apple's slowing down your phone,22-Dec-17
Apple finally got its tax break to bring billions home. Your move Apple...,27-Dec-17
Apple CEO Tim Cook now takes private planes only,28-Dec-17
"Apple apologizes for slowing iPhone, drops battery prices",29-Dec-17
Dow's record rally; Apple apology; Uber investment,29-Dec-17
Dow's record rally; Apple apology; Uber investment,29-Dec-17
U.S. jobs report; Soaring stocks; Apple fixing flaws,5-Jan-18
Apple's Safari update protects devices from Spectre flaw,8-Jan-18
Investors to Apple: Fight iPhone addiction among kids,8-Jan-18
Investors to Apple: Fight iPhone addiction among kids,8-Jan-18
Apple needs to stop kids from getting hooked on phones,10-Jan-18
India makes it easier for brands like Apple to open stores,10-Jan-18
Early iPhone designer calls on Apple to curb tech addiction,11-Jan-18
Global backlash spreads over Apple slowing down iPhones,12-Jan-18
"Apple: We'll pay $38B in taxes and add 20,000 jobs in the U.S.",17-Jan-18
Kristen Wiig to star in comedy series from Apple,17-Jan-18
Apple and Amazon are expanding. Here's the rest of the story,18-Jan-18
Apple and Google charter buses vandalized on highway,18-Jan-18
Apple partners with Malala Yousafzai to fund girls' education,22-Jan-18
Apple's iOS 11.3 update gives you control over iPhone slowdown,24-Jan-18
Apple's iOS 11.3 update gives you control over iPhone slowdown,24-Jan-18
Qualcomm fined $1.2 billion for paying Apple to use its chips,24-Jan-18
Qualcomm fined $1.2 billion for paying Apple to use its chips,24-Jan-18
Apple is set to report a giant profit. But iPhone X demand worries investors,30-Jan-18
Apple probed by U.S. government over iPhone slowdown,30-Jan-18
Apple probed by U.S. government over iPhone slowdown,30-Jan-18
"Apple posts record $88 billion in sales, but iPhone concerns loom",1-Feb-18
How will Apple create its media empire?,1-Feb-18
Apple shares fall 4% into correction territory,2-Feb-18
Apple shares fall 4% into correction territory,2-Feb-18
Apple confirms HomePod may leave unsightly marks on wood,14-Feb-18
Russia's trying to toss us an apple of discord. We mustn't bite.,20-Feb-18
Gun safety groups want Apple TV and Amazon Fire to pull NRATV,23-Feb-18
Apple is leading the race to $1 trillion,27-Feb-18
"5 things for February 28: Florida shooting, White House, teacher strike, Apple",28-Feb-18
Apple is under fire for moving iCloud data to China,28-Feb-18
Inside the war between Spotify and Apple,5-Mar-18
"PACIFIC for March 8: What will Apple buy?, Kalanick's return, Uber's retreat",8-Mar-18
Apple is buying the 'Netflix for magazines' company,12-Mar-18
Apple's TV strategy explained,12-Mar-18
Fitbit unveils Apple Watch competitor and fitness tracker for kids,13-Mar-18
Apple debuts new page to help parents with screen-time concerns,15-Mar-18
"From service dogs to a prosthetic arm, Apple proposes 13 disability emojis",23-Mar-18
PACIFIC for March 26: Apple fires on Facebook,26-Mar-18
Apple spring event 2018: A new iPad and 4 other takeaways,27-Mar-18
Apples and cherries are at stake in China trade fight,27-Mar-18
"When Apple has a bad day, we all have a bad day",29-Mar-18
Intel stock tumbles on report that Apple will make its own Mac chips,2-Apr-18
PACIFIC for April 2: Zuckerberg fires back at Apple,2-Apr-18
China's tariffs would hurt Apple and these other US companies,4-Apr-18
"Apple co-founder Steve Wozniak 'disgusted' with Facebook, deactivates account",9-Apr-18
"Apple co-founder Steve Wozniak 'disgusted' with Facebook, deactivates account",9-Apr-18
Apple unveils red iPhone 8,9-Apr-18
Apple is now completely powered by clean energy,10-Apr-18
I want the same tax-cut deal Apple is getting,13-Apr-18
Apple sinks on fears of slowing iPhone sales,20-Apr-18
EU hits pause on Apple's deal to buy Shazam,23-Apr-18
Apple faces Wall Street 'panic' over iPhone,30-Apr-18
Apple rewarded its investors with a record cash giveaway,1-May-18
"Apple sold only 3% more iPhones last quarter, but profit soared",1-May-18
Dow climbs 332 points as Apple and jobs report lift stocks,4-May-18
Warren Buffett just bought a ton more shares of Apple,4-May-18
Warren Buffett just bought a ton more shares of Apple,4-May-18
Apple inches closer to $1 trillion market value,7-May-18
Apple inches closer to $1 trillion market value,7-May-18
Apple's game-changing iMac turns 20 years old,7-May-18
Apple's game-changing iMac turns 20 years old,7-May-18
Apple scraps plans for $1 billion Irish data center,10-May-18
Apple's Tim Cook urges Duke graduates to think hard about data privacy,13-May-18
"Are Apple, Amazon and Facebook the future of banking?",15-May-18
"Are Apple, Amazon and Facebook the future of banking?",15-May-18
Apple now lets Europeans download all the data it holds on them,23-May-18
What to expect at Monday's Apple event,3-Jun-18
What to expect at Monday's Apple event,3-Jun-18
Apple co-founder Steve Wozniak: The one thing I'd tell my 18-year-old self,5-Jun-18
"Apple hits Facebook, again",5-Jun-18
"Apple hits Facebook, again",5-Jun-18
Apple is close to becoming the first $1 trillion American company,5-Jun-18
Change at Starbucks; Apple near $1 trillion; RBS sale,5-Jun-18
How Apple avoids the 'techlash',5-Jun-18
PACIFIC â€¢ Apple is 'The Boring Company',5-Jun-18
Will these California cities impose a 'Google tax' or an 'Apple tax'?,5-Jun-18
Apple warns suppliers that iPhone demand is falling - report,8-Jun-18
Apple closes law enforcement loophole for the iPhone,14-Jun-18
Apple is starting a music publishing business. Huh?,14-Jun-18
Apple is starting a music publishing business. Huh?,14-Jun-18
Oprah strikes deal with Apple as new Hollywood content wars heat up,15-Jun-18
Oprah strikes deal with Apple as new Hollywood content wars heat up,15-Jun-18
Apple partners with Sesame Workshop for children's programming,20-Jun-18
Apple partners with Sesame Workshop for children's programming,20-Jun-18
Apple promises free repairs for faulty MacBook keyboards,23-Jun-18
Apple promises free repairs for faulty MacBook keyboards,23-Jun-18
Apple and Samsung settle their epic patent infringement battle,27-Jun-18
"PACIFIC â€¢ Apple is taking on Amazon, Spotify and Netflix in one move",28-Jun-18
Apple MacBook Pro line gets a refresh,12-Jul-18
Apple is spending millions to clean up China's environment,13-Jul-18
Apple is spending millions to clean up China's environment,13-Jul-18
Apple is helping bring education to girls in Brazil,14-Jul-18
"Redheads, lobsters and cupcakes: Apple shows off new iOS emojis",16-Jul-18
Qualcomm: Apple won't use our chips in the next iPhone,25-Jul-18
Qualcomm: Apple won't use our chips in the next iPhone,25-Jul-18
SoftBank takes on Apple and Samsung with new payment app,27-Jul-18
Apple earnings: All eyes on the next iPhone,31-Jul-18
"Apple is within striking distance of $1,000,000,000,000",31-Jul-18
Apple results; Central bank actions; Earnings abound,31-Jul-18
iPhone sales were flat but Apple's profit jumped 32%,31-Jul-18
Apple profit soars; Tariff threats; Tesla earnings,1-Aug-18
Apple profit soars; Tariff threats; Tesla earnings,1-Aug-18
Huawei beats Apple in smartphone sales for the first time,1-Aug-18
"iTrillion: Apple is this close to $1,000,000,000,000",1-Aug-18
"Apple reaches $1,000,000,000,000 value",2-Aug-18
Berkshire Hathaway's stake in Apple is now worth nearly $50 billion,4-Aug-18
Computer virus cripples top Apple supplier TSMC,6-Aug-18
"InfoWars app still in Google, Apple stores after companies move against other content",6-Aug-18
"YouTube, Apple and Facebook remove content from InfoWars and Alex Jones",6-Aug-18
"Apple: No, your iPhone isn't eavesdropping on you",8-Aug-18
Look out Apple! Amazon may soon be worth $1 trillion too,13-Aug-18
Look out Apple! Amazon may soon be worth $1 trillion too,13-Aug-18
Apple pulls gambling apps criticized by Chinese state media,20-Aug-18
Apple pulls gambling apps criticized by Chinese state media,20-Aug-18
Apple's Tim Cook is about to get a $120 million payday,23-Aug-18
Here's why Amazon may beat Apple to $2 trillion,5-Sep-18
"Apple says China tariffs would hit Apple Watch, Air Pods",7-Sep-18
Apple's iPhone is the MVP of the stock market,9-Sep-18
Apple's iPhone is the MVP of the stock market,9-Sep-18
Apple's iPhone event: What to expect,10-Sep-18
Apple is about so much more than just iPhones now,11-Sep-18
Apple is still struggling to sell iPhones in the world's hottest markets,11-Sep-18
Buy Apple on the iPhone news? Or sell on trade fears?,11-Sep-18
"Apple reveals three new iPhone Xs, latest Apple Watch",12-Sep-18
Apple unveils three new iPhone Xs,12-Sep-18
Apple unveils three new iPhone Xs,12-Sep-18
Why it's smart for Apple to be the Christian Dior of tech,12-Sep-18
Apple's new iPhones are boring. Investors should rejoice,13-Sep-18
How Apple got us to pay so much for the iPhone,13-Sep-18
Why the Apple watch could save lives,13-Sep-18
Apple disagrees with Trump administration on benefit of environmentalism,14-Sep-18
Apple disagrees with Trump administration on benefit of environmentalism,14-Sep-18
Apple is still struggling to sell iPhones in the world's hottest markets,28-Sep-18
Here's why Amazon may beat Apple to $2 trillion,30-Sep-18
"A llama, bagel and frisbee: Apple's new iOS 12.1 emoji",2-Oct-18
Apple helps Samsung surge to record profits,5-Oct-18
The Chinese phone giant that beat Apple to Africa,10-Oct-18
"Apple Watch worn by Saudi journalist may have transmitted evidence of his death, Turkish paper reports",12-Oct-18
Why claims Khashoggi's Apple Watch recorded alleged murder are unlikely,13-Oct-18
Why claims Khashoggi's Apple Watch recorded alleged murder are unlikely,13-Oct-18
"Start your Monday smart: Package bomb probe, World Series, DACA fate, Apple gadgets, Brazil votes",28-Oct-18
Apple investigates report that Chinese students were forced to make its watches,29-Oct-18
Apple and Starbucks earnings; Brexit relief; Google walkout,1-Nov-18
Apple continues its year of price hikes,1-Nov-18
Apple continues its year of price hikes,1-Nov-18
Apple no longer wants you to know how many iPhones it sells,1-Nov-18
Swedish council squashes Apple store plans,1-Nov-18
Swedish council squashes Apple store plans,1-Nov-18
Amazon and Apple are forecasting a tepid fourth quarter. Here's what that means,2-Nov-18
Apple disappoints; US jobs report; Trump talks China trade,2-Nov-18
Apple has a problem it doesn't want to talk about,2-Nov-18
The story of Apple and the iPhone in 3 charts,3-Nov-18
The story of Apple and the iPhone in 3 charts,3-Nov-18
What Amazon and Apple's deal means for third-party sellers,10-Nov-18
"Dow falls more than 200 points, dragged down by more Apple woes",14-Nov-18
Apple rebounds after 5-day stock slide,15-Nov-18
Firm that worked for Facebook tried to plant story alleging liberal bias at Apple News,16-Nov-18
Dieter Rams: The legendary designer who influenced Apple,20-Nov-18
Trump dims hopes of China trade deal with fresh tariff threat on Apple phones,26-Nov-18
Microsoft and Apple are fighting to be world's most valuable company,27-Nov-18
Why Microsoft is a better bet than Apple,28-Nov-18
Apple Music is coming to Amazon Echo,30-Nov-18
Microsoft passes Apple to become most valuable company,30-Nov-18
Tim Cook: Hate has 'no place' on Apple's platforms,3-Dec-18
Dr. Sanjay Gupta tests the Apple Watch's new ECG heart monitor,6-Dec-18
China bans sale of most iPhone models after granting Qualcomm an injunction against Apple,10-Dec-18
Chinese companies are threatening to punish employees caught using Apple products,11-Dec-18
Apple goes big in Austin; ECB meeting; Brexit nerves,13-Dec-18
Apple is spending $1 billion on a new campus in Austin,13-Dec-18
The Peanuts gang is getting new life thanks to Apple,14-Dec-18
Apple warns its iPhone sales could take a big hit from China slowdown,2-Jan-19
Read Tim Cook's full letter to investors about Apple sales,2-Jan-19
5 takeaways from Apple's stark China warning,3-Jan-19
5 takeaways from Apple's stark China warning,3-Jan-19
"5 things to know for January 3: Politics, Apple, India, SAT dispute, space",3-Jan-19
Apple meltdown; Markets shudder; DC power shift,3-Jan-19
Apple won't be the last casualty of China's slowdown,3-Jan-19
Apple's iPhone has lost its magic,3-Jan-19
Apple's plunge has cost Warren Buffett nearly $4 billion today,3-Jan-19
"Dow falls 660 points on Apple bombshell, US factory slowdown",3-Jan-19
"Dow falls 660 points on Apple bombshell, US factory slowdown",3-Jan-19
Markets shudder after Apple warns about China sales,3-Jan-19
Apple needs a cheap iPhone to crack India,4-Jan-19
Japanese stocks join global sell-off after Apple China warning,4-Jan-19
Trump again says Apple should change how it makes the iPhone,4-Jan-19
Apple brings iTunes to Samsung TVs as it seeks new revenue,7-Jan-19
"It's not just Apple â€” Samsung is hurting, too",8-Jan-19
The US-China tech war is getting worse. Apple is paying the price,9-Jan-19
China's exports plunge; Apple supplier hit; Detroit Auto Show,14-Jan-19
Huawei founder Ren Zhengfei is an Apple fan and wants to live forever,16-Jan-19
Apple shifts staff from autonomous vehicle project,24-Jan-19
"Apple's latest case will double the battery life of your iPhone XR, XS or XS Max",25-Jan-19
Apple earnings: How low can iPhone sales go?,28-Jan-19
Apple earnings; LVMH reports; Huawei charged,29-Jan-19
Apple sponsors its first-ever camp for women entrepreneurs,29-Jan-19
How to turn off FaceTime and avoid Apple's eavesdropping bug,29-Jan-19
How to turn off FaceTime and avoid Apple's eavesdropping bug,29-Jan-19
This 14-year old found Apple's FaceTime bug before it went viral,29-Jan-19
Apple says Facebook's controversial market research app violated its policies,30-Jan-19
It's clearer than ever Apple's iPhone problem isn't going away,30-Jan-19
Chinese engineer charged with stealing secret material from Apple,31-Jan-19
Chinese engineer charged with stealing secret material from Apple,31-Jan-19
Apple delays update for FaceTime eavesdropping bug,1-Feb-19
Apple restores Facebook's app-testing access after privacy dispute,1-Feb-19
"Apple's head of retail, Angela Ahrendts, is leaving after 5 years",5-Feb-19
"Apple's head of retail, Angela Ahrendts, is leaving after 5 years",5-Feb-19
Apple rolls out fix for FaceTime eavesdropping bug,7-Feb-19
"Apple 'won't have a model' in China in five to ten years, Ian Bremmer predicts",7-Feb-19
Another byproduct of this extreme cold: ghost apples,8-Feb-19
Apple and Google urged to remove Saudi app that tracks women,13-Feb-19
Former Apple lawyer accused of insider trading,13-Feb-19
What Apple killing its Do Not Track feature means for online privacy,13-Feb-19
"Huawei is crushing Apple in China, and the US is partly to blame",14-Feb-19
Man discovers 30 year old Apple computer still in working order,17-Feb-19
"Checkmate Apple, Samsung's Galaxy Buds are cheaper and offer little compromise",20-Feb-19
Report: Apple and Goldman Sachs are releasing a credit card together,21-Feb-19
Apple needed a kick in the pants. Samsung just delivered it,22-Feb-19
Apple Watch or Galaxy Watch? These are our favorite smartwatches,26-Feb-19
Spotify wants EU antitrust officials to investigate Apple,13-Mar-19
Spotify wants EU antitrust officials to investigate Apple,13-Mar-19
"Apple Watch app could detect life-threatening irregular heartbeat, study says",16-Mar-19
"Apple Watch app could detect life-threatening irregular heartbeat, study says",16-Mar-19
Apple unveils new iPad Air and iPad mini,18-Mar-19
"New iPad Air 10.5-inch, Mini have faster processors and Apple Pencil support",18-Mar-19
"Apple announces faster, smarter iMacs",19-Mar-19
"Apple announces new AirPods with wireless charging case, better battery life and 'Hey Siri'",20-Mar-19
Apple to join tech wave sweeping over Hollywood,22-Mar-19
What Apple is up against in the streaming-video world,23-Mar-19
"Start your Monday smart: Netanyahu, Jayme Closs, China, Apple, March Madness",24-Mar-19
All the shows Apple wants you to get excited about,25-Mar-19
Apple event 2019: Everything announced at Apple's big March presentation,25-Mar-19
Apple TV+ = Hollywood A-list of streaming options,25-Mar-19
Apple TV+ = Hollywood A-list of streaming options,25-Mar-19
"Apple wants investors to focus on its services business. Regulators may, too",25-Mar-19
Apple wants to sign you up for a digital newsstand with News+,25-Mar-19
Apple wants to sign you up for a digital newsstand with News+,25-Mar-19
Apple's new TV looks a lot like the old TV,25-Mar-19
Apple's new TV looks a lot like the old TV,25-Mar-19
"To succeed in entertainment, Apple may have to risk damaging its brand",25-Mar-19
"5 things to know for March 26: Mueller report, Obamacare, Brexit, bump stocks, Apple",26-Mar-19
Apple is staffing up as it expands the News app and launches a subscription service,26-Mar-19
Apple just made one of its boldest bets ever. It will have to do a lot more,26-Mar-19
Apple promises customers a safer digital world â€” for a price,26-Mar-19
Apple promises customers a safer digital world â€” for a price,26-Mar-19
Tim Cook says Apple Card is a game changer. Experts are not so sure,26-Mar-19
Apple made AirPods even better with three impressive features,28-Mar-19
Apple cancels plans for AirPower charging mat,29-Mar-19
Apple cuts iPhone prices in China,2-Apr-19
ACLU files complaint over Apple employee detained by customs,3-Apr-19
ACLU files complaint over Apple employee detained by customs,3-Apr-19
"This portable battery can charge your iPhone, Apple Watch and another device",4-Apr-19
