article_Title,article_Date
Apple's Newest Headphones May Be Better Than AirPods,"Daniel Sparks | Apr 5, 2019"
"Contrary to Prior Reports, Apple Finally Overtakes Spotify in the US","Evan Niu, CFA | Apr 5, 2019"
Apple Slashes HomePod Pricing,"Ashraf Eassa | Apr 4, 2019"
Apple Responds to Poor HomePod Sales With Price Cut,"Evan Niu, CFA | Apr 4, 2019"
Apple Looks Set to Resize the iPhone,"Ashraf Eassa | Apr 4, 2019"
Apple Will Likely Announce a Dividend Increase This Month,"Daniel Sparks | Apr 4, 2019"
"Apple News+ Grabbed 200,000 Subscribers in 2 Days","Evan Niu, CFA | Apr 3, 2019"
Can Apple Survive a Last-Place Finish in the Race to a 5G Phone?,"Adam Levy | Apr 3, 2019"
Apple Earnings: Mark Your Calendar,"Daniel Sparks | Apr 2, 2019"
Where Will Apple Be in a Year?,"Daniel B. Kline | Apr 2, 2019"
2 Things I Want to See From Apple's Capital Return Update,"Ashraf Eassa | Apr 2, 2019"
Apple Loses One of Its Most Important Engineers,"Leo Sun | Apr 1, 2019"
Apple Is Willing to Sacrifice Apple TV for Apple TV+,"Adam Levy | Apr 1, 2019"
"Stock Market Today: Apple Kills AirPower, Cuts Prices in China","Jim Crumly | Apr 1, 2019"
"Did Apple Unveil Its Next Big Thing Last Week, or Not?","Motley Fool Staff | Apr 1, 2019"
Apple Pulls the Plug on AirPower,"Ashraf Eassa | Apr 1, 2019"
Is Apple News+ a Game Changer or Too Little Too Late?,"Danny Vena | Apr 1, 2019"
Apple Loses Top Chip Expert,"Ashraf Eassa | Apr 1, 2019"
Don't Worry About Apple's AirPods Share Loss,"Ashraf Eassa | Mar 31, 2019"
What's the Point of Apple Arcade?,"Leo Sun | Mar 31, 2019"
Here's How the Apple Card Will Boost the Company's Digital-Payments Strategy,"Danny Vena | Mar 30, 2019"
Apple Arcade Could Upend the Gaming Industry,"Travis Hoium | Mar 30, 2019"
Tech Stocks This Week: Apple's New Services and Lyft's IPO,"Daniel Sparks | Mar 30, 2019"
Apple TV Channels Is a Big Change to Apple's Subscription Model,"Adam Levy | Mar 30, 2019"
Why Apple's New Streaming TV Service Doesn't Need to Rival Netflix,"Daniel Sparks | Mar 28, 2019"
The Problem With Apple's Services Strategy,"Timothy Green | Mar 26, 2019"
Apple's New Credit Card May Be Less Rewarding Than You Think,"Evan Niu, CFA | Mar 26, 2019"
It's Disney -- Not Apple -- That Netflix Has to Worry About Now,"Rick Munarriz | Mar 26, 2019"
Apple's Vision for the Future of Television Is Stuck in the Past,"Evan Niu, CFA | Mar 26, 2019"
Why Apple's Just-Announced News Subscription Service Could Be a Hit,"Daniel Sparks | Mar 26, 2019"
Apple's New Services Anticipate Password Sharing,"Adam Levy | Mar 25, 2019"
The Details on Apple's New Streaming TV Service,"Daniel Sparks | Mar 25, 2019"
Stock Market Today: Apple Rolls Out New Services,"Jim Crumly | Mar 25, 2019"
Apple Just Unveiled 4 New Services: What You Need to Know,"Evan Niu, CFA | Mar 25, 2019"
Stock Market News: Apple Prepares to Battle Netflix; American Airlines Struggles With MAX Cancellations,"Dan Caplinger | Mar 25, 2019"
1 Simple Way Apple Might Respond to Slowing iPhone Sales,"Ashraf Eassa | Mar 25, 2019"
Why Apple Won't Be the Next Netflix,"Jeremy Bowman | Mar 24, 2019"
Apple's Video-Streaming Service Might Just Be a Revamped Storefront,"Evan Niu, CFA | Mar 23, 2019"
"Tech Stocks This Week: Apple Rises, Instagram Launches Checkout Feature, and More","Daniel Sparks | Mar 22, 2019"
Why The New York Times Won't Be Joining Apple's News Service Anytime Soon,"Evan Niu, CFA | Mar 22, 2019"
Showtime for Apple: What to Expect From Monday's Event,"Danny Vena | Mar 22, 2019"
"Approaching $200, Is Apple Stock Still a Buy?","Daniel Sparks | Mar 22, 2019"
Can Apple Solve These Consumer Frustrations With Video Streaming?,"Adam Levy | Mar 21, 2019"
Apple Stock Upgraded: What You Need to Know,"Rich Smith | Mar 21, 2019"
Netflix Doesn't Have to Worry About Apple -- Yet,"Rick Munarriz | Mar 21, 2019"
Apple Debuts a Host of Product Upgrades -- With No Fanfare Whatsoever,"Danny Vena | Mar 21, 2019"
"Dear Apple, Is My Heart OK?","Todd Campbell | Mar 21, 2019"
Apple's New AirPods Are a Big Deal,"Ashraf Eassa | Mar 20, 2019"
Apple's Third Hardware Announcement in 3 Days: AirPods 2,"Evan Niu, CFA | Mar 20, 2019"
Apple Launches New AirPods: Here Are the Details,"Daniel Sparks | Mar 20, 2019"
Better Buy: Apple vs. Microsoft,"Ashraf Eassa | Mar 19, 2019"
Apple Has Another Huawei Problem,"Ashraf Eassa | Mar 19, 2019"
Revealed: The Key Metric Showing Apple Has Lost Its Innovative Edge,"Tim Beyers | Mar 19, 2019"
Netflix Execs Welcome Competition From Apple While Throwing a Little Shade,"Danny Vena | Mar 19, 2019"
"Apple Announces Second Hardware Refresh This Week, Potentially Another Tomorrow","Evan Niu, CFA | Mar 19, 2019"
The Apple Heart Study Was Successful at Detecting a Life-Threatening Condition,"Danny Vena | Mar 19, 2019"
Apple's Latest iPads Could Help Keep the Momentum Going,"Ashraf Eassa | Mar 18, 2019"
2 Big iPad Updates Revealed: Here's the Skinny on Apple's Latest-Model Tablets,"Daniel Sparks | Mar 18, 2019"
Apple Updates iPad Lineup Ahead of Services Event,"Evan Niu, CFA | Mar 18, 2019"
Battle of Dividends: Apple vs. Microsoft,"Daniel Sparks | Mar 16, 2019"
Apple Just Scored the $1 Billion It Was Asking for,"Evan Niu, CFA | Mar 15, 2019"
Don't Underestimate Apple's iPhone Business,"Daniel Sparks | Mar 14, 2019"
Apple Stock: Headed to $215?,"Daniel Sparks | Mar 14, 2019"
Here's Why Apple's iPhone Price Cuts in China Might Not Be Working,"Ashraf Eassa | Mar 14, 2019"
Wedbush: Apple's Video-Streaming Service Could Get 100 Million Subscribers,"Evan Niu, CFA | Mar 12, 2019"
Apple's Next iPad Might Not Get a Makeover After All,"Ashraf Eassa | Mar 12, 2019"
Apple's Big Event: What to Expect,"Daniel Sparks | Mar 11, 2019"
Apple and Facebook Are About to Compete Like Never Before,"Evan Niu, CFA | Mar 11, 2019"
Samsung's Early Galaxy S10 Success Bodes Poorly for Apple,"Ashraf Eassa | Mar 9, 2019"
Apple Could Ship Its First Augmented Reality Glasses in 2020,"Ashraf Eassa | Mar 8, 2019"
"After the HomePod Flop, Will Apple Finally Make the Smart Home a Priority?","Travis Hoium | Mar 8, 2019"
Apple Setting Up Shop Close to Qualcomm,"Ashraf Eassa | Mar 7, 2019"
Fitbit Wants to Crush Apple on Price,"Daniel Sparks | Mar 7, 2019"
IDC: Apple Shipped 16.2 Million Wearables in Q4,"Evan Niu, CFA | Mar 5, 2019"
Is Apple Getting Into Home Security?,"Evan Niu, CFA | Mar 5, 2019"
How Streaming Has Affected Apple's Share of the US Music Industry,"Adam Levy | Mar 5, 2019"
Should Apple Investors Believe Tim Cook's Promise of Innovation?,"Ashraf Eassa | Mar 5, 2019"
Apple's Software Hiring Spree Isn't Surprising,"Ashraf Eassa | Mar 4, 2019"
Why Apple's Video-Streaming Service Is Taking So Long to Launch,"Evan Niu, CFA | Mar 4, 2019"
Apple Is Going to Be Late to 5G -- So What?,"Ashraf Eassa | Mar 3, 2019"
Why Investors Shouldn't Panic About Apple's Smartwatch Share Loss,"Ashraf Eassa | Feb 28, 2019"
Apple's Upcoming Credit Card and a Major Fintech Acquisition,"Matthew Frankel, CFP | Feb 27, 2019"
How Apple Makes Money: iPhones and Services,"Motley Fool Staff | Feb 27, 2019"
"When Apple Runs the Hub, Who Pays?","Stephen Lovely | Feb 27, 2019"
"After Amazon's Echo, Apple Music Might Be Coming to Google Home","Evan Niu, CFA | Feb 26, 2019"
Can a Subscription Fee Really Fix Apple News?,"Evan Niu, CFA | Feb 25, 2019"
Warren Buffett Thinks Apple Is Too Expensive,"Evan Niu, CFA | Feb 25, 2019"
3 Key Growth Opportunities for Apple (That Don't Include the iPhone),"Chris Neiger | Feb 24, 2019"
Samsung's Latest Galaxy S10 Lineup Shows Apple How It's Done,"Ashraf Eassa | Feb 22, 2019"
Apple Credit Card Rumors Resurface,"Evan Niu, CFA | Feb 21, 2019"
"Apple's Services Focus Makes Sense, but Don't Ignore Hardware","Ashraf Eassa | Feb 20, 2019"
Apple's Biggest Manufacturer Becomes Its Top Rival in Japan,"Leo Sun | Feb 20, 2019"
Apple Is Leading a Market Recovery in Tablets,"Rich Duprey | Feb 20, 2019"
This Analyst Just Revealed Key Details of Apple's 2019 iPhones,"Ashraf Eassa | Feb 19, 2019"
Here's Why Apple Is Finally Upgrading the iPod Touch,"Ashraf Eassa | Feb 19, 2019"
This Analyst Says Apple Is Planning a Flurry of New iPads for 2019,"Ashraf Eassa | Feb 19, 2019"
Buying Netflix Would Have Been a Costly Mistake for Apple,"Danny Vena | Feb 18, 2019"
Popular Apple Product About to Get an Upgrade,"Ashraf Eassa | Feb 18, 2019"
Why Apple Wants to Be a Cable TV Provider Without Really Being One,"Motley Fool Staff | Feb 18, 2019"
Does Apple Have Something Big Planned for March?,"Danny Vena | Feb 17, 2019"
Apple Needs Netflix and HBO More Than They Need It,"Adam Levy | Feb 16, 2019"
Apple Strikes a Landmark Deal with America's Biggest Medical System,"Danny Vena | Feb 15, 2019"
Apple Likely to Tout 2 New Subscription Services at March 25 Event,"Natalie Walters | Feb 15, 2019"
Warren Buffett Just Sold 3 Million Apple Shares â€“ Or Did He?,"Matthew Frankel, CFP | Feb 15, 2019"
Google Is the Biggest Factor Behind Apple's Services Revenue Growth,"Adam Levy | Feb 14, 2019"
Apple Is Getting Serious About Autonomous Vehicle Testing,"Evan Niu, CFA | Feb 14, 2019"
Apple's iPhone Business Is Taking a Beating in China,"Ashraf Eassa | Feb 13, 2019"
Making Sense of Apple's Frustrating Wearables Comparisons,"Evan Niu, CFA | Feb 13, 2019"
Good News for Apple and Fitbit: Smartwatch Adoption Is Still in the Early Innings,"Evan Niu, CFA | Feb 12, 2019"
Apple Wants Too Much From News Publishers,"Evan Niu, CFA | Feb 12, 2019"
Good News for Apple's Services Business,"Evan Niu, CFA | Feb 11, 2019"
This Apple Prediction From Tim Cook May Never Come True,"Evan Niu, CFA | Feb 11, 2019"
IDC: Apple's iPhone Sales in China Are Getting Crushed,"Evan Niu, CFA | Feb 11, 2019"
Apple's Trying to Push iPhone Upgrades -- and That's OK!,"Ashraf Eassa | Feb 10, 2019"
Apple Looks Really Serious About Building This Key Component,"Ashraf Eassa | Feb 8, 2019"
Apple's iPhone U.S. Installed Base Estimated at 189 Million,"Evan Niu, CFA | Feb 7, 2019"
Was Apple's Retail Chief Departure tied to iPhone Sales Slide?,"Leo Sun | Feb 7, 2019"
Did Apple's AR Ambitions Just Suffer a Big Setback?,"Leo Sun | Feb 6, 2019"
3 Things Investors Need to Know About Apple's Rumored TV Service,"Chris Neiger | Feb 5, 2019"
It Could Be Too Late for Apple's HomePod,"Evan Niu, CFA | Feb 5, 2019"
A Change of Seasons for Apple,"Evan Niu, CFA | Feb 5, 2019"
Apple Still Isn't Going to Buy Netflix,"Danny Vena | Feb 5, 2019"
Here's the Real Apple Story Tim Cook Was Trying to Tell,"Motley Fool Staff | Feb 4, 2019"
4 Reasons for Investors to Love Apple's Services Segment,"Billy Duberstein | Feb 3, 2019"
Stock Market Power Rankings: Apple Jacks,"Rick Munarriz | Feb 3, 2019"
The Tragedy of Apple,"Jeremy Bowman | Feb 3, 2019"
Apple Might Not Be Making Any Money on These Products,"Ashraf Eassa | Feb 3, 2019"
Tech Stocks This Week: Apple and Facebook Pop As Microsoft Pulls Back,"Daniel Sparks | Feb 2, 2019"
Here's Why I'm Not Buying Apple Stock,"Ashraf Eassa | Feb 2, 2019"
This Report Just Confirmed Apple's China Problem,"Danny Vena | Feb 1, 2019"
Fitbit or Apple: Which Is the Better Smartwatch Play?,"Harsh Chauhan | Feb 1, 2019"
Apple's Year-Over-Year Revenue Declines Probably Aren't Over,"Danny Vena | Jan 31, 2019"
"Apple Is Set to Supercharge Its Augmented Reality Ambitions for iPhones, iPads","Ashraf Eassa | Jan 31, 2019"
Apple Just Gave Investors Their First Glimpse at How Profitable Its Services Business Is,"Adam Levy | Jan 31, 2019"
Apple Is Taking Matters Into Its Own Hands,"Ashraf Eassa | Jan 31, 2019"
Apple Just Inadvertently Confirmed That Most iPhone Sales Are Upgrades,"Evan Niu, CFA | Jan 31, 2019"
3 Must-See Quotes From Apple's Earnings Call,"Daniel Sparks | Jan 30, 2019"
Apple Music's Growth Is Holding Steady,"Evan Niu, CFA | Jan 30, 2019"
Apple Drops a Hint About Its Netflix Cut,"Evan Niu, CFA | Jan 30, 2019"
Services Growth Isn't Helping Apple's Bottom Line,"Timothy Green | Jan 30, 2019"
Why Apple Stock Jumped Today,"Daniel Sparks | Jan 30, 2019"
Welcome to Apple's New Financial Reporting World,"Evan Niu, CFA | Jan 30, 2019"
Apple's Most Important Catalyst May Be Better Than You Thought,"Daniel Sparks | Jan 30, 2019"
Apple Inc. (AAPL) Q1 2019 Earnings Conference Call Transcript,"Motley Fool Transcription | Jan 29, 2019"
Apple Earnings Highlight Strength Beyond iPhone,"Daniel Sparks | Jan 29, 2019"
"Apple Joins the Race to Create the ""Netflix of Games""","Leo Sun | Jan 29, 2019"
Tim Cook Needs to Do This to Stem Apple's Decline,"Harsh Chauhan | Jan 28, 2019"
Apple Won't Report iPhone Unit Sales. Here Are 3 Things to Look for Instead,"Natalie Walters | Jan 28, 2019"
Apple Earnings: 3 Questions for CEO Tim Cook,"Daniel Sparks | Jan 28, 2019"
Apple Might Challenge Microsoft and Amazon With Gaming Service,"Evan Niu, CFA | Jan 28, 2019"
Important Things to Watch When Apple Reports Earnings,"Danny Vena | Jan 28, 2019"
Will Netflix Fall Into the Apple Trap?,"Danny Vena | Jan 28, 2019"
3 Ways Apple Is Still Executing Well,"Ashraf Eassa | Jan 27, 2019"
Apple Just Cut 200 Employees From Its Autonomous Vehicle Project,"Chris Neiger | Jan 27, 2019"
"Tech Stocks This Week: Apple Recovers, Facebook's Messaging Strategy, and More","Daniel Sparks | Jan 26, 2019"
Apple's iPhone XS Looks Like a Flop in the United States,"Ashraf Eassa | Jan 26, 2019"
Apple Is About to Get a Slice of One of Microsoft's Cash Cows,"Evan Niu, CFA | Jan 25, 2019"
Apple Might Be Making a Brilliant Move,"Ashraf Eassa | Jan 25, 2019"
More Evidence to Back Up Apple's iPhone XR Claims,"Evan Niu, CFA | Jan 24, 2019"
Apple's Car Project Hit With Layoffs,"Evan Niu, CFA | Jan 24, 2019"
"No, Apple Isn't Overcharging for the iPhone","Ashraf Eassa | Jan 24, 2019"
Is Apple's iPhone Battery Case Worth It?,"Daniel B. Kline | Jan 23, 2019"
3 Stocks That Pay Out More in Dividends Than Apple,"Sean Williams | Jan 22, 2019"
Apple Is Taking a Page From the Netflix Playbook,"Danny Vena | Jan 21, 2019"
Why You Should Believe This Apple iPhone Rumor,"Ashraf Eassa | Jan 21, 2019"
Apple and Medicare Providers May Discount Apple Watches For Seniors,"Chris Neiger | Jan 21, 2019"
Things Could Get Much Worse for Apple When It Reports Earnings,"Ashraf Eassa | Jan 19, 2019"
Forget China: India Is Apple's Most Disappointing Market,"Leo Sun | Jan 19, 2019"
Is Apple's Walled Garden Crumbling?,"Danny Vena | Jan 19, 2019"
Apple Watch and Johnson & Johnson Team Up for Heart Study,"Danny Vena | Jan 18, 2019"
Will Health Insurers Subsidize the Apple Watch?,"Danny Vena | Jan 18, 2019"
Apple's Spending Growth Looks Set to Slow,"Ashraf Eassa | Jan 17, 2019"
"Apple Is Part of the Privacy ""Shadow Economy""","Evan Niu, CFA | Jan 17, 2019"
How Apple in 2019 Seems a Lot Like Intel in 2012,"Ashraf Eassa | Jan 16, 2019"
Here's How Much Apple's Battery-Replacement Program Hurt Sales,"Evan Niu, CFA | Jan 15, 2019"
Here's How Much Apple Was Paying Qualcomm in Royalties,"Evan Niu, CFA | Jan 14, 2019"
3 Apple Buyout Candidates That Don't Make Sense,"Rick Munarriz | Jan 14, 2019"
This Apple Product Might Not Be Canceled After All,"Ashraf Eassa | Jan 14, 2019"
3 Reasons Apple Is Still a Long-Term Buy,"Billy Duberstein | Jan 13, 2019"
2 Takeaways From Apple's Decision to Bring iTunes to Samsung TVs,"Chris Neiger | Jan 13, 2019"
Can a Big Buyback Save Apple Stock?,"Ashraf Eassa | Jan 13, 2019"
What to Expect From Apple's 2019 iPhones,"Evan Niu, CFA | Jan 12, 2019"
Netflix Joins a Growing Trend of Bucking the Apple Tax,"Danny Vena | Jan 12, 2019"
Samsung Follows Apple's Lead in Issuing Bad Quarterly Guidance,"Nicholas Rossolillo | Jan 12, 2019"
Is Apple a Buy?,"Daniel B. Kline | Jan 12, 2019"
Apple's Planning Some Big Changes to Its 2019 iPhone Lineup,"Ashraf Eassa | Jan 12, 2019"
Apple Earnings: Watch Guidance,"Daniel Sparks | Jan 11, 2019"
Apple Can't Keep Raising Prices Forever,"Evan Niu, CFA | Jan 10, 2019"
Warren Buffett's Loss on Apple Isn't as Big as You Think,"Sean Williams | Jan 10, 2019"
Making Sense of Apple's First India Revenue Disclosure,"Evan Niu, CFA | Jan 9, 2019"
Forget Apple: Alphabet Is the Better Buy,"Ashraf Eassa | Jan 9, 2019"
Where Can Apple's Growth Come From Now?,"Daniel Sparks | Jan 9, 2019"
Apple Is a Great Dividend Stock Again,"Daniel Sparks | Jan 9, 2019"
An Honest Review of Apple's $160 AirPods,"Natalie Walters | Jan 9, 2019"
Apple Is Going All-In on Services,"Adam Levy | Jan 8, 2019"
Apple Earnings: What to Watch,"Daniel Sparks | Jan 8, 2019"
Better Buy: Apple vs. Samsung,"Rick Munarriz | Jan 8, 2019"
The App Store's Record Sales Will Help Take Your Mind Off Apple's Terrible Start to 2019,"Natalie Walters | Jan 8, 2019"
Berkshire's Apple Investment Is Down $21.6 Billion -- Here's Why Warren Buffett Probably Isn't Worried,"Matthew Frankel, CFP | Jan 8, 2019"
Apple's Very Bad Day,"Evan Niu, CFA | Jan 7, 2019"
What Tim Cook Didn't Tell You About Apple's Slowing China Sales,"Ashraf Eassa | Jan 7, 2019"
Is Disneyland Repeating Apple's Mistake?,"Rick Munarriz | Jan 7, 2019"
Why Apple's Warning of a Major Revenue Miss Stung So Hard,"Motley Fool Staff | Jan 7, 2019"
Will Apple Raise Its Dividend in 2019?,"Dan Caplinger | Jan 6, 2019"
Stock Market Power Rankings: Apple Cracks,"Rick Munarriz | Jan 6, 2019"
"Apple Cuts Revenue Estimate, but Earnings per Share Should Rise","Nicholas Rossolillo | Jan 5, 2019"
Why Apple Stock Dropped 12% in December,"John Ballard | Jan 5, 2019"
What Does Warren Buffett Think of Apple's Plunge?,"Natalie Walters | Jan 5, 2019"
Forget Fitbit: Apple Is a Better Wearable Tech Stock,"Chris Neiger | Jan 5, 2019"
A Silver Lining for This Apple Supplier After iPhone Shortfall,"Ashraf Eassa | Jan 4, 2019"
3 Risks Apple Investors Need to Watch in 2019,"Ashraf Eassa | Jan 4, 2019"
3 Reasons Microsoft Is a Better Buy Than Apple,"Ashraf Eassa | Jan 3, 2019"
The Not-So-Secret Reason Both Apple and Berkshire Hathaway Stocks Declined Today,"Rich Smith | Jan 3, 2019"
Why These Apple Supplier Stocks Tanked Today,"Evan Niu, CFA | Jan 3, 2019"
Apple Investors Could Sure Use Unit Sales Data Right About Now,"Evan Niu, CFA | Jan 3, 2019"
Why Apple Shares Are Getting Crushed Today,"Evan Niu, CFA | Jan 3, 2019"
Apple's Guidance Reduction Looks Ugly,"Ashraf Eassa | Jan 3, 2019"
iPhone Slump in China Sinks Apple's First Quarter,"Danny Vena | Jan 3, 2019"
Apple: Jobs and Wozniak Started a Revolution 42 Years Ago Today,"Daniel B. Kline | Jan 3, 2019"
Apple Dramatically Reduces Guidance: What You Need to Know,"Evan Niu, CFA | Jan 2, 2019"
Is Apple at Risk of Becoming the Next BlackBerry?,"Harsh Chauhan | Jan 2, 2019"
3 Top Apple Suppliers to Buy in 2019,"Nicholas Rossolillo | Dec 30, 2018"
Siri Gets Much Smarter as Apple's Investments Pay Off,"Danny Vena | Dec 28, 2018"
"No, Apple Didn't Lose $9 Billion by Repurchasing Shares","Evan Niu, CFA | Dec 28, 2018"
Better Buy: NXP Semiconductors vs. Apple,"Anders Bylund | Dec 28, 2018"
1 Potential Positive for Apple's iPhone Business,"Ashraf Eassa | Dec 27, 2018"
Apple Is Moving Some High-End iPhone Production to India,"Evan Niu, CFA | Dec 27, 2018"
"As Apple Hides iPhone Unit Data, Huawei Cracks 200 Million Smartphone Shipments in 2018","Ashraf Eassa | Dec 27, 2018"
"Apple's Trade-In Promotion Seems Desperate, but It's the Right Move","Ashraf Eassa | Dec 26, 2018"
Apple Could Be Facing Another China Headache,"Ashraf Eassa | Dec 24, 2018"
Is the Apple Watch Causing a Run on Emergency Rooms?,"Danny Vena | Dec 24, 2018"
Here's What Apple Investors Can Learn From Adobe,"Danny Vena | Dec 24, 2018"
Better Buy: Apple vs. IBM,"Joe Tenebruso | Dec 22, 2018"
Apple Might Double Down on Its iPad Bifurcation Strategy,"Evan Niu, CFA | Dec 21, 2018"
Apple's In-House 5G Modem Effort Isn't About Cost Cutting,"Ashraf Eassa | Dec 21, 2018"
"If Apple Is a Services Business, It Needs to Start Reporting Like One","Adam Levy | Dec 21, 2018"
Apple Really Wants You to Listen to Apple Music With Amazon's Alexa,"Evan Niu, CFA | Dec 19, 2018"
This Analyst Is Betting on Apple's Services Business,"Daniel Sparks | Dec 19, 2018"
Is Apple Facing a Services Slowdown in 2019?,"Danny Vena | Dec 17, 2018"
Apple Assembles the Biggest Heart Study Ever,"Danny Vena | Dec 16, 2018"
Apple's Subscription News and Magazine Service Could Launch Next Year -- Here's What Investors Need to Know,"Chris Neiger | Dec 16, 2018"
Apple Stock Below $170: Time to Buy?,"Daniel Sparks | Dec 16, 2018"
Apple Stock Could Double Over 3 Years,"Danny Vena | Dec 16, 2018"
"Tech Stocks This Week: Apple Slides, Roku Gets Slammed, and More","Daniel Sparks | Dec 15, 2018"
Apple's Original Content Ambitions Are Growing,"Danny Vena | Dec 15, 2018"
"Why Johnson & Johnson, Costco, and Apple Slumped Today","Steve Symington | Dec 14, 2018"
Respected Apple Analyst Cuts iPhone XR Estimates Yet Again,"Evan Niu, CFA | Dec 14, 2018"
The Semantics Around Apple's Buybacks,"Evan Niu, CFA | Dec 14, 2018"
Apple Details Domestic Expansion Plans,"Evan Niu, CFA | Dec 13, 2018"
Apple Could Be Planning to Cut Out Another iPhone Supplier,"Ashraf Eassa | Dec 13, 2018"
Could Apple's Most Important Catalyst Falter in 2019?,"Daniel Sparks | Dec 13, 2018"
Apple Is Doing Something Really Smart,"Ashraf Eassa | Dec 13, 2018"
Better Buy: Apple vs. Microsoft,"John Ballard | Dec 12, 2018"
Could Apple's Services Business Hit a Wall Next Year?,"Evan Niu, CFA | Dec 12, 2018"
Apple's Premium News Service Could Be Just Around the Corner -- but Publishers Aren't Totally Onboard,"Evan Niu, CFA | Dec 12, 2018"
More Bad News for Apple's iPhone Unit Volumes,"Evan Niu, CFA | Dec 11, 2018"
Why Apple Stock Plunged 18.4% in November,"Steve Symington | Dec 11, 2018"
Can Apple Challenge China's Tech Giants in the Smart Speaker Market?,"Leo Sun | Dec 11, 2018"
What You Need to Know About Apple's Capital Return Program,"Ashraf Eassa | Dec 11, 2018"
"Apple in 2018: Hitting $1 Trillion, Buybacks, and iPhone Concerns","Evan Niu, CFA | Dec 11, 2018"
Apple Is Making a Multibillion-Dollar Mistake,"Daniel B. Kline | Dec 10, 2018"
How This Chinese Company Broke Apple's Smartphone Domination,"Harsh Chauhan | Dec 10, 2018"
A Foolish Take: Apple Loses the Wearables Crown to a Chinese Challenger,"Leo Sun | Dec 10, 2018"
4 Facts About Apple's Fastest-Growing Catalyst,"Daniel Sparks | Dec 9, 2018"
"Tech Stocks This Week: Apple's New App, Facebook's Repurchase Program, and More","Daniel Sparks | Dec 8, 2018"
Xiaomi Crushes Fitbit and Apple in Wearable Shipments,"Leo Sun | Dec 6, 2018"
The Great Irony of Apple's iPhone Price Increases,"Evan Niu, CFA | Dec 6, 2018"
"Apple Stock Valuation: Buy, Sell, or Hold?","Daniel Sparks | Dec 5, 2018"
"Apple Music, Coming to a Coffee Shop Near You","Evan Niu, CFA | Dec 5, 2018"
Apple's HomePod Is Heading to China,"Evan Niu, CFA | Dec 5, 2018"
4 Ways Apple's Services Business Crushed It in 2018,"Daniel Sparks | Dec 5, 2018"
What Apple's iPhone Production Cuts Mean for Intel,"Ashraf Eassa | Dec 5, 2018"
Is Streaming Video a Smart Move for Apple?,"Stephen Lovely | Dec 4, 2018"
This Might Be the Real Reason Apple's Not Launching a 5G iPhone Until 2020,"Ashraf Eassa | Dec 4, 2018"
"IDC: Apple Watch Series 3 Represented ""Majority"" of Apple's Wearables Q3 Shipments","Evan Niu, CFA | Dec 4, 2018"
Apple vs. Microsoft -- The Battle for World's Largest Market Cap,"Evan Niu, CFA | Dec 4, 2018"
Why Apple Supplier Cirrus Logic Just Slashed Its Guidance,"Ashraf Eassa | Dec 3, 2018"
Apple's Planning All-New AirPods for 2020,"Ashraf Eassa | Dec 3, 2018"
The Worst Mistake Apple Investors Can Make Right Now,"Daniel B. Kline | Dec 2, 2018"
How Risky Is Apple Stock?,"Chris Neiger | Dec 1, 2018"
"After iPhone Production Cuts, Is Apple's Dividend at Risk?","Ashraf Eassa | Dec 1, 2018"
3 Great Reasons to Buy Apple,"Chris Neiger | Nov 30, 2018"
Apple Makes Rare Cross-Platform Play With Apple Music,"Evan Niu, CFA | Nov 30, 2018"
Should Investors Worry About Apple's iPhone Business?,"Daniel Sparks | Nov 30, 2018"
"After Saying Unit Sales Don't Matter, Apple Defends iPhone XR Unit Sales","Evan Niu, CFA | Nov 29, 2018"
Is Trump's Threat to Slap Tariffs on Apple Devices Serious?,"Motley Fool Staff | Nov 29, 2018"
2 Reasons Microsoft Deserves a Richer Valuation than Apple,"Ashraf Eassa | Nov 28, 2018"
Battle of Dividends: Apple vs. Microsoft,"Daniel Sparks | Nov 27, 2018"
President Trump Might Hit Apple With Tariffs After All,"Evan Niu, CFA | Nov 27, 2018"
The iPhone XR Drama Illustrates a Big Risk to Apple Stock,"Ashraf Eassa | Nov 27, 2018"
Could Apple Be a Millionaire-Maker Stock?,"Daniel B. Kline | Nov 25, 2018"
Apple Reportedly Restarts iPhone X Production,"Ashraf Eassa | Nov 24, 2018"
Apple Might Make an Affordable Streaming Stick,"Evan Niu, CFA | Nov 23, 2018"
Here's What Apple Is Doing for Black Friday and Cyber Monday,"Daniel B. Kline | Nov 23, 2018"
Apple Acquires Artificial Intelligence Start-Up With Emphasis on Privacy,"Evan Niu, CFA | Nov 21, 2018"
Goldman Thinks Apple Missed the Mark With iPhone XR,"Evan Niu, CFA | Nov 20, 2018"
Supply Chain Reports Keep Crushing Apple,"Evan Niu, CFA | Nov 19, 2018"
Stock Market Power Rankings: Apple's $190 Billion Haircut,"Rick Munarriz | Nov 18, 2018"
What's Happening With Apple's Mysterious Car Project?,"Chris Neiger | Nov 17, 2018"
Apple's Latest Original Content Partner Is Indie Studio A24,"Evan Niu, CFA | Nov 16, 2018"
2 Upgrades Coming to Apple's 2019 and 2020 iPhones,"Ashraf Eassa | Nov 16, 2018"
Why You Should Buy Apple After Its Earnings Sell-Off,"Evan Niu, CFA | Nov 15, 2018"
Solving the Mystery of Apple's Missing Core i7 MacBook Air,"Ashraf Eassa | Nov 15, 2018"
Is This Why Apple's iPhone XR Sales Are Disappointing?,"Ashraf Eassa | Nov 15, 2018"
Here's What Could Be in Store for Apple's 2019 iPad Pro,"Ashraf Eassa | Nov 14, 2018"
Why Apple Didn't Upgrade the iMac Last Month?,"Ashraf Eassa | Nov 14, 2018"
Is Apple Trying to Hide Something From Investors?,"Billy Duberstein | Nov 13, 2018"
Apple Investors Are Still Worried About iPhone Unit Volumes,"Evan Niu, CFA | Nov 13, 2018"
This iPhone XR Shortcoming Is Good News for 1 Apple Supplier,"Ashraf Eassa | Nov 12, 2018"
Why Apple Stock Is Up 22% in 2018 So Far,"Danny Vena | Nov 11, 2018"
Why Wall Street Grades Apple on Such a Harsh Curve,"Motley Fool Staff | Nov 8, 2018"
What's Happening With Apple's Secret Augmented Reality Glasses Project?,"Chris Neiger | Nov 8, 2018"
Here's How Apple Will Benefit From Falling NAND Flash Prices,"Ashraf Eassa | Nov 7, 2018"
Breaking Down Apple's Fiscal Fourth Quarter,"Motley Fool Staff | Nov 7, 2018"
Proof of Apple's Pricing Power Wasn't Enough,"Danny Vena | Nov 7, 2018"
Apple's Services Business Has Another Stellar Year,"Ashraf Eassa | Nov 6, 2018"
Apple Still Has $122.6 Billion to Give Back,"Evan Niu, CFA | Nov 6, 2018"
How Much Apple Stock Is Too Much Apple Stock?,"Motley Fool Staff | Nov 6, 2018"
Digging Into Apple's Reported iPhone XR Production Cuts,"Ashraf Eassa | Nov 6, 2018"
Apple Stock: Time to Buy?,"Daniel Sparks | Nov 6, 2018"
Apple Forecasts 2019 Capital Expenditures at $14 Billion,"Evan Niu, CFA | Nov 5, 2018"
Apple's MacBook Pro Gets the AMD Vega Treatment,"Ashraf Eassa | Nov 5, 2018"
Apple's Fiscal 2018 in 7 Mind-Boggling Metrics,"Daniel Sparks | Nov 4, 2018"
"Tech Stocks This Week: Fitbit Soars, Apple Falls, and More","Daniel Sparks | Nov 3, 2018"
5 Staggering Metrics Capture Apple's Huge Fourth Quarter,"Daniel Sparks | Nov 3, 2018"
Apple's iPhone Just Had Its Best Year Ever,"Ashraf Eassa | Nov 3, 2018"
"Apple's CFO Talks Wearables, Guidance, and More","Daniel Sparks | Nov 2, 2018"
Apple Finally Updates These 2 Mac Products,"Ashraf Eassa | Nov 2, 2018"
Why Apple Stock Fell Friday,"Daniel Sparks | Nov 2, 2018"
Apple Earnings: Reporting Changes and Decent Guidance,"Evan Niu, CFA | Nov 2, 2018"
Apple Just Changed Its iPad Pro Strategy,"Ashraf Eassa | Nov 2, 2018"
What You Need to Know About Apple's Beastly A12X Chip,"Ashraf Eassa | Nov 2, 2018"
Apple Earnings: Revenue and Profits Soar,"Daniel Sparks | Nov 2, 2018"
Apple Inc. (AAPL) Q4 2018 Earnings Conference Call Transcript,"Motley Fool Transcribers | Nov 1, 2018"
A Key Detail of Apple's 2019 iPhones May Have Just Been Confirmed,"Ashraf Eassa | Nov 1, 2018"
Apple Plans to Launch a Global Streaming Video Service,"Danny Vena | Oct 30, 2018"
"Following Apple's Latest Product Unveiling, Here's What to Watch for With Earnings","Evan Niu, CFA | Oct 30, 2018"
Apple's Latest iPad Pro Could Boost Average Selling Prices,"Ashraf Eassa | Oct 30, 2018"
Apple Unveils New Macs and iPads: What You Need to Know,"Evan Niu, CFA | Oct 30, 2018"
Can Apple Keep Its Streak Alive When It Reports Earnings?,"Danny Vena | Oct 30, 2018"
Here's What Could Be in Store for Apple's Next iPhone XR,"Ashraf Eassa | Oct 29, 2018"
Could Apple Inc. Be a Millionaire-Maker Stock?,"John Ballard | Oct 29, 2018"
Earnings: Can Apple's Strong Momentum Persist?,"Daniel Sparks | Oct 29, 2018"
Why the iPad's Fate Shouldn't Matter Much to Apple Investors,"Ashraf Eassa | Oct 27, 2018"
5 Things You Didn't Know About Apple,"John Ballard | Oct 27, 2018"
2 New Apple Products on the Horizon,"Ashraf Eassa | Oct 25, 2018"
The Truth About Apple's iPhone XR,"Ashraf Eassa | Oct 24, 2018"
Apple Might Ditch Intel in the Macs in 2020,"Ashraf Eassa | Oct 23, 2018"
This New Business Could Soon Bring in Billions for Apple,"Evan Niu, CFA | Oct 22, 2018"
Apple Still Depends Heavily on the iPhone,"Ashraf Eassa | Oct 22, 2018"
This Apple Supplier Could Benefit From the Apple Car,"Ashraf Eassa | Oct 21, 2018"
Is Apple Building an AI-Powered Music Label?,"Billy Duberstein | Oct 21, 2018"
Is Apple's New Lower-Priced Smartphone Its Secret Weapon?,"Danny Vena | Oct 20, 2018"
Apple's Next iPhones Might Look Like This Year's Models,"Ashraf Eassa | Oct 20, 2018"
What to Watch When Apple Reports Earnings on Nov. 1,"Ashraf Eassa | Oct 19, 2018"
Apple Announces October Event: What to Expect,"Evan Niu, CFA | Oct 18, 2018"
Apple's iPhone XR Could Drive Record Unit Volumes in Fourth Quarter,"Evan Niu, CFA | Oct 16, 2018"
Apple Earnings: The Most Important Metric to Watch,"Daniel Sparks | Oct 16, 2018"
We Now Know How Apple Plans to Challenge Netflix and Amazon,"Danny Vena | Oct 15, 2018"
Apple Scoops Up Music Analytics and Discovery Start-Up Asaii,"Evan Niu, CFA | Oct 15, 2018"
4 Complaints Apple Users Already Have About the New iPhones,"Natalie Walters | Oct 14, 2018"
2 Reasons Apple's In-House Chip Efforts Are a Huge Asset,"Ashraf Eassa | Oct 13, 2018"
2 Risks to Apple Stock,"Ashraf Eassa | Oct 12, 2018"
Apple Will Give Away Its $1 Billion of Original Content,"Adam Levy | Oct 12, 2018"
Why Samsung Isn't Making That Much Selling Screens to Apple,"Ashraf Eassa | Oct 10, 2018"
Apple's Upcoming Video-Streaming Service Could Possibly Be Free,"Evan Niu, CFA | Oct 10, 2018"
3 Things Every Investor Should Know About Apple,"Ashraf Eassa | Oct 9, 2018"
Can iPhone Momentum Drive Big Earnings Growth for Apple?,"Daniel Sparks | Oct 9, 2018"
Apple Earnings: Mark Your Calendar,"Daniel Sparks | Oct 3, 2018"
Why Apple Should Discontinue the iPad Mini Later This Year,"Ashraf Eassa | Oct 3, 2018"
3 Growth Opportunities for Apple,"Ashraf Eassa | Oct 3, 2018"
Better Buy: Apple Inc. vs IBM,"Chris Neiger | Oct 1, 2018"
A Look Back at Warren Buffett's Growing Love for Apple Stock,"Natalie Walters | Oct 1, 2018"
3 Winners From the Apple iPhone XS Max Teardown,"Ashraf Eassa | Sep 30, 2018"
The Apple Watch Series 4 Looks Like a Smash Hit,"Ashraf Eassa | Sep 30, 2018"
Better Buy: Apple Inc. vs. Samsung,"John Ballard | Sep 29, 2018"
Apple's iPhone XS Is Stuck Between a Rock and a Hard Place,"Ashraf Eassa | Sep 28, 2018"
Here's the Secret Behind Apple's iPhone Release Strategy,"Billy Duberstein | Sep 28, 2018"
Why Apple's Former Ad Man Dreads New iPhone Names,"Evan Niu, CFA | Sep 27, 2018"
2 Analysts Get Bullish on Apple Stock,"Daniel Sparks | Sep 27, 2018"
Did Apple Misjudge the Smart-Speaker Market?,"Rich Duprey | Sep 26, 2018"
Apple Stock: Buy at the High?,"Joe Tenebruso | Sep 26, 2018"
This Is How Much Apple's New iPhone XS Max Costs to Make,"Evan Niu, CFA | Sep 26, 2018"
1 Problem With Apple's iPhone XS Max,"Ashraf Eassa | Sep 26, 2018"
Hands On With Apple's iPhone XS Max,"Daniel B. Kline | Sep 26, 2018"
Gene Munster: Apple Converts Paying Music Customers Far Better Than Spotify Does,"Evan Niu, CFA | Sep 25, 2018"
More Good News for Apple's iPhone Average Selling Prices,"Evan Niu, CFA | Sep 25, 2018"
Apple's iPhone XS Max Teardown Reveals Further Vertical Integration,"Ashraf Eassa | Sep 25, 2018"
Apple Alienates the World's Second-Largest Smartphone Market,"Harsh Chauhan | Sep 25, 2018"
Droves of Customers Are Choosing Apple's Most Expensive New iPhone,"Daniel Sparks | Sep 24, 2018"
What Apple and Amazon's Product Drops Mean for Investors,"Evan Niu, CFA | Sep 24, 2018"
A Silver Lining for Apple's HomePod,"Ashraf Eassa | Sep 23, 2018"
3 Things to Expect From Apple's Upcoming iPad Pro,"Ashraf Eassa | Sep 22, 2018"
An iPhone XS Max Teardown Reveals Apple's Tiny A12 Bionic Chip,"Ashraf Eassa | Sep 22, 2018"
Why Apple's iPhone XS and XS Max Might Be Discontinued in 2019,"Ashraf Eassa | Sep 22, 2018"
Apple in 5 Charts,"Jeremy Bowman | Sep 22, 2018"
Tech Stocks This Week: Amazon's Big Hardware Bet and Apple's Launch Day,"Daniel Sparks | Sep 21, 2018"
How Apple Can Mitigate Risk of iPhone XR Cannibalizing the XS,"Ashraf Eassa | Sep 20, 2018"
Fitbit Falls Further Behind Apple in Wearables,"Rich Duprey | Sep 20, 2018"
"Apple Watch Series 4 Upgrade Is a ""No Brainer"" for Many","Daniel Sparks | Sep 19, 2018"
"Like Facebook, Apple Wants to Create a ""Trust Score"" About You","Evan Niu, CFA | Sep 19, 2018"
Why Warren Buffett Keeps Buying Apple and Bank Stocks,"Motley Fool Staff | Sep 19, 2018"
3 Reasons Why Apple Just Bid Farewell to the iPhone SE,"Ashraf Eassa | Sep 18, 2018"
Apple Defends iPhone Pricing. Again.,"Evan Niu, CFA | Sep 18, 2018"
1 Way This Apple Supplier Will Benefit From Apple's New iPhone Lineup,"Ashraf Eassa | Sep 18, 2018"
Here's Why Apple Discontinued the iPhone X,"Ashraf Eassa | Sep 17, 2018"
Apple's New iPhone XR Expected to Dominate Sales,"Evan Niu, CFA | Sep 17, 2018"
2 Features Apple Needs to Bring to Its Premium iPhones in 2019,"Ashraf Eassa | Sep 17, 2018"
How Many iPhones Will Apple Inc. Sell in Q4?,"Daniel Sparks | Sep 17, 2018"
"The U.S. Paid Music-Streaming Market Is Booming, Thanks to Apple and Spotify","Evan Niu, CFA | Sep 17, 2018"
What This Apple Supplier Told Us About the 2019 iPhones,"Ashraf Eassa | Sep 16, 2018"
2 Reasons Apple's iPhone XR Won't Suffer the iPhone 5c's Fate,"Ashraf Eassa | Sep 15, 2018"
The Apple Watch Series 4 Gets a Massive Chip Upgrade,"Ashraf Eassa | Sep 15, 2018"
Apple Found a Way to Keep Its ASP Growing,"Danny Vena | Sep 15, 2018"
The New Apple Watch Now Has More Life-Saving Features,"Danny Vena | Sep 14, 2018"
Tech Stocks This Week: Apple's Big Event and Microsoft's Acquisition,"Daniel Sparks | Sep 14, 2018"
3 Things You Need to Know About Apple's A12 Bionic Chip,"Ashraf Eassa | Sep 14, 2018"
"Demand for Apple's New $1,100 Phone Appears Strong","Evan Niu, CFA | Sep 14, 2018"
Will Apple Host Another Product Event in October?,"Evan Niu, CFA | Sep 14, 2018"
Apple Has Quickly Raised the Entry Price for the iPhone by $100,"Adam Levy | Sep 13, 2018"
"Apple's $17,000 Experiment Is Over","Evan Niu, CFA | Sep 13, 2018"
How Apple's 2018 iPhone Pricing Could Impact the Business,"Evan Niu, CFA | Sep 13, 2018"
"Fitbit Hates Apple, Again","Rick Munarriz | Sep 13, 2018"
Is This High-Growth Company Key to Apple's Healthcare Strategy?,"Maxx Chatsko | Sep 13, 2018"
Why Apple's iPhone Xr Pricing Makes Sense,"Ashraf Eassa | Sep 13, 2018"
Here's Everything Apple Did -- and Didn't -- Announce Today,"Evan Niu, CFA | Sep 12, 2018"
The New iPhone XR: Apple's All-Screen Design at a Cheaper Price Point,"Daniel Sparks | Sep 12, 2018"
Apple Launches New Apple Watch With Bigger Display,"Daniel Sparks | Sep 12, 2018"
Apple Just Bought Its First Original Movies,"Evan Niu, CFA | Sep 11, 2018"
Don't Expect Apple's 6.1-inch LCD iPhone to Be This Expensive,"Ashraf Eassa | Sep 11, 2018"
Here's How the Looming Trade War Could Hurt Apple,"Danny Vena | Sep 10, 2018"
There's Still No Chance That Apple Will Buy Tesla,"John Rosevear | Sep 10, 2018"
Apple's Event This Week: 3 Things to Look For,"Daniel Sparks | Sep 10, 2018"
Apple's Upcoming 6.5-Inch iPhone May Have an All-New Name,"Ashraf Eassa | Sep 10, 2018"
Apple Could Be Building a Media Business Bigger Than Netflix and Spotify Combined,"Adam Levy | Sep 9, 2018"
Apple Watch Is About to Hit a Major Milestone,"Evan Niu, CFA | Sep 8, 2018"
Here's How Apple Can Price the iPhone XS at Just $799,"Ashraf Eassa | Sep 8, 2018"
Is Apple About to Get a $37 Billion Boost?,"Danny Vena | Sep 7, 2018"
Why Apple's Upcoming Apple Watch Refresh Is So Important,"Daniel Sparks | Sep 6, 2018"
Apple Officially Cleared to Acquire Shazam,"Evan Niu, CFA | Sep 6, 2018"
It's Disney -- Not Apple -- That Netflix Needs to Fear the Most,"Rick Munarriz | Sep 6, 2018"
Apple Watch Buyers Aren't Picking the Latest Model,"Ashraf Eassa | Sep 6, 2018"
"Apple's New iPhones Will Be Called ""iPhone XS""","Ashraf Eassa | Sep 5, 2018"
Why Apple Inc. Stock Popped 19.6% in August,"John Ballard | Sep 5, 2018"
Apple Stock: Headed to $250?,"Daniel Sparks | Sep 5, 2018"
"Ahead of Apple Watch Series 4, Apple Maintains Wearables Lead in Q2","Evan Niu, CFA | Sep 4, 2018"
Better Buy: Apple vs. Microsoft,"Danny Vena | Sep 2, 2018"
How Tim Cook Has Helped Make Apple Shareholders Rich,"Ashraf Eassa | Aug 31, 2018"
Apple's Next Big Event: What to Expect,"Daniel Sparks | Aug 30, 2018"
Apple's Wearables Revenue Crosses $10 Billion,"Ashraf Eassa | Aug 29, 2018"
How Apple's Trio of New iPhones Could Drive Unit Growth,"Evan Niu, CFA | Aug 28, 2018"
"Netflix Doesn't Want to Pay Apple's ""App Store Tax"" Anymore","Leo Sun | Aug 25, 2018"
Apple's New Mac mini Strategy Revealed,"Ashraf Eassa | Aug 25, 2018"
Battle of Dividends: Apple vs Microsoft,"Daniel Sparks | Aug 22, 2018"
Apple's Proposed Acquisition of Shazam About to Clear Major Regulatory Hurdle,"Evan Niu, CFA | Aug 22, 2018"
3 Ways Apple Will Try to Maximize iPhone Average Selling Prices,"Ashraf Eassa | Aug 22, 2018"
Apple Reportedly Planning Affordable MacBook to Boost Sales,"Evan Niu, CFA | Aug 21, 2018"
Why This Analyst Is Wrong About Apple,"Daniel Sparks | Aug 21, 2018"
1 Sign a New Apple Watch Is Coming,"Daniel Sparks | Aug 20, 2018"
A Health Chip Is Part of a Broader Move by Apple Into Healthcare,"Danny Vena | Aug 18, 2018"
Apple Car Rumors Abound Once More: What Investors Need to Know,"Chris Neiger | Aug 17, 2018"
Here's Why Apple's Margins Will Be Flat This Quarter,"Ashraf Eassa | Aug 16, 2018"
Apple Pay Looks Hugely Successful,"Ashraf Eassa | Aug 15, 2018"
Berkshire Hathaway Now Holds Over $52 Billion in Apple Stock,"Evan Niu, CFA | Aug 15, 2018"
Apple Has Made a Mistake by Ignoring This Big Market,"Harsh Chauhan | Aug 14, 2018"
Apple's Next Custom Chip Could Be for Health Data,"Evan Niu, CFA | Aug 14, 2018"
"Apple Still Has a Long Way to Go to Reach ""Net Cash Neutral""","Evan Niu, CFA | Aug 14, 2018"
A Foolish Take: Apple Gains a Foothold in the Smart Speaker Market,"Leo Sun | Aug 13, 2018"
Could This Be Apple's Next Billion-Dollar Business?,"Jamal Carnette, CFA | Aug 11, 2018"
This Is the Biggest Winner From Apple's Q3 2018 Report (Besides Apple),"Nicholas Rossolillo | Aug 11, 2018"
"It's Not Just That Apple Hit the $1 Trillion Mark, It's How","Motley Fool Staff | Aug 10, 2018"
3 Charts Show Why Apple Is Still a Buy Above $200,"Daniel Sparks | Aug 8, 2018"
What's the Story Behind Apple's Ever-Growing Revenue Pie?,"Motley Fool Staff | Aug 7, 2018"
Apple Learns a Lucrative Lesson,"Ashraf Eassa | Aug 7, 2018"
Apple Is Right on Spotify's Heels in the U.S.,"Natalie Walters | Aug 7, 2018"
"Apple CEO Tim Cook Talks Services, ASPs, and Tariffs","Chris Neiger | Aug 6, 2018"
"3 Things Apple, Inc. Management Wants You to Know","Daniel Sparks | Aug 6, 2018"
"Tech Stocks This Week: Earnings From Apple, Shopify, and Teladoc","Daniel Sparks | Aug 4, 2018"
Meet the Company That Beat Apple to a $1 Trillion Market Cap,"Danny Vena | Aug 3, 2018"
Apple Soon Could Get Yet Another OLED Supplier,"Ashraf Eassa | Aug 2, 2018"
It's Official: Apple Wins the Race to $1 Trillion,"Evan Niu, CFA | Aug 2, 2018"
Apple Hits $1 Trillion Market Cap -- Now What?,"Danny Vena | Aug 2, 2018"
"Apple Management Talks iPhone, iPad, Wearables, and Services","Ashraf Eassa | Aug 2, 2018"
Apple Defies Expectations with Strong Growth,"Danny Vena | Aug 2, 2018"
"Apple, Inc.'s Record Third Quarter in 5 Impressive Metrics","Daniel Sparks | Aug 1, 2018"
Apple's Guidance Calls for 5th Consecutive Quarter of Double-Digit Growth,"Evan Niu, CFA | Aug 1, 2018"
"Why Apple, Inc. Stock Jumped Today","Daniel Sparks | Aug 1, 2018"
Apple Continues Aggressive Buybacks in Fiscal Third Quarter,"Evan Niu, CFA | Aug 1, 2018"
Apple Earnings: Check Out This Mind-Boggling Growth,"Daniel Sparks | Jul 31, 2018"
Apple Inc. (AAPL) Q3 2018 Earnings Conference Call Transcript,"Motley Fool Transcription | Jul 31, 2018"
"Apple, Inc. Earnings: What to Watch","Daniel Sparks | Jul 30, 2018"
Better Buy: Apple Inc. vs. Google,"Rick Munarriz | Jul 30, 2018"
Verizon's Q2 2018 Report Bodes Well for Apple,"Nicholas Rossolillo | Jul 29, 2018"
What to Watch When Apple Reports Earnings,"Danny Vena | Jul 28, 2018"
Apple's Market Share in India Remains Pitiful,"Evan Niu, CFA | Jul 25, 2018"
2 Advantages Apple Has Over the Competition,"Ashraf Eassa | Jul 23, 2018"
Here's What to Expect When Apple Reports Earnings,"Ashraf Eassa | Jul 21, 2018"
Apple Takes U.S. Market Share From Samsung,"Ashraf Eassa | Jul 19, 2018"
Can a Poached Google Exec Bring Momentum to Apple's AI Program?,"Danny Vena | Jul 19, 2018"
Apple Unifies Its Siri and AI Strategy Under New Leadership,"Ashraf Eassa | Jul 19, 2018"
Are Investors Buying Apple Stock for the Right Reasons?,"Jamal Carnette, CFA | Jul 19, 2018"
"No, Apple Isn't Underinvesting in Innovation","Ashraf Eassa | Jul 18, 2018"
Apple's Preparing a Flurry of New Products for 2018,"Ashraf Eassa | Jul 18, 2018"
Apple Needs a Revamped iPad Mini to Fend Off Microsoft's New Surface Go,"Evan Niu, CFA | Jul 17, 2018"
Apple's New MacBook Pros Put It Back in the Game for Back-to-School Season,"Ashraf Eassa | Jul 16, 2018"
"Tech Stocks This Week: Apple's Updated Laptops, How Amazon Spooked Cisco Investors, and More","Daniel Sparks | Jul 14, 2018"
Apple Might Discontinue the iPhone SE,"Ashraf Eassa | Jul 14, 2018"
Apple Signs on LG Display as Second OLED Supplier,"Evan Niu, CFA | Jul 13, 2018"
Apple's Next iPhone Could Drive Significant Growth,"Ashraf Eassa | Jul 13, 2018"
Better Buy: Apple Inc. vs. Samsung,"Joe Tenebruso | Jul 12, 2018"
An Apple Entertainment Bundle Makes a Lot of Sense,"Natalie Walters | Jul 11, 2018"
Apple Might Miss Out on Smart Speaker Growth This Year,"Evan Niu, CFA | Jul 11, 2018"
3 Stocks That Could Put Apple's Returns to Shame,"Timothy Green, Travis Hoium, and Jeremy Bowman | Jul 11, 2018"
Apple's Betting Big on This Year's iPhones,"Ashraf Eassa | Jul 10, 2018"
Apple Might Acquire Popular Password Manager 1Password,"Evan Niu, CFA | Jul 10, 2018"
Better Buy: Apple Inc. (AAPL) vs. Corning Incorporated (GLW),"Brian Stoffel | Jul 10, 2018"
Is Apple Stock (AAPL) a Buy?,"Daniel B. Kline | Jul 7, 2018"
"Right on Schedule, Apple Music Overtakes Spotify in U.S.","Evan Niu, CFA | Jul 6, 2018"
Mark Your Calendar: Apple Earnings,"Daniel Sparks | Jul 3, 2018"
Apple's Aggressively Investing in Its Future,"Ashraf Eassa | Jul 3, 2018"
Samsung Wants to Build Apple's Chips Again,"Ashraf Eassa | Jul 2, 2018"
Here's What Affects Apple's iPhone Gross Profit Margins,"Ashraf Eassa | Jun 30, 2018"
Apple Isn't Giving Up on Maps,"Evan Niu, CFA | Jun 29, 2018"
Apple Reportedly Making Progress Bringing on Second OLED Supplier,"Evan Niu, CFA | Jun 28, 2018"
3 Premium Services Apple Might Bundle Together,"Evan Niu, CFA | Jun 28, 2018"
Why Apple's Next iPhone Launch Could Break Company Records,"Ashraf Eassa | Jun 28, 2018"
Here's Why Apple's So Excited About Augmented Reality,"Ashraf Eassa | Jun 27, 2018"
Is This Fast-Growing Apple Segment About to Get Another Boost?,"Daniel Sparks | Jun 26, 2018"
Apple in Show Business? Don't Get Too Excited About It,"Nicholas Rossolillo | Jun 26, 2018"
Apple's Revamped Audio Accessory Lineup Not Expected Until 2019,"Evan Niu, CFA | Jun 25, 2018"
There's No Way Apple Isn't Building a Video-Streaming Service,"Evan Niu, CFA | Jun 22, 2018"
Will Apple Get Caught in Trump's Trade War -- or Not?,"Evan Niu, CFA | Jun 19, 2018"
"Can Apple, Inc.'s iPhone Segment Keep Up Its Momentum in Q3?","Daniel Sparks | Jun 19, 2018"
When Will Apple Launch Its Own Video-Streaming Service?,"Adam Levy | Jun 19, 2018"
"The Next Apple Watch Innovations, Revealed","Ashraf Eassa | Jun 16, 2018"
"Apple, Inc. May Have a New Subscription Service in the Works","Daniel Sparks | Jun 15, 2018"
The Biggest News at Apple's Developer Conference Was for Facebook Investors,"Nicholas Rossolillo | Jun 15, 2018"
Apple Reportedly Lowers iPhone Component Orders,"Ashraf Eassa | Jun 15, 2018"
Apple Now Wants to Make an Animated Movie for Some Reason,"Evan Niu, CFA | Jun 14, 2018"
Apple's Making a Late Move Into Virtual Reality,"Travis Hoium | Jun 14, 2018"
Apple Just Proved These Critics Wrong,"Ashraf Eassa | Jun 13, 2018"
Apple's Entire Mac Lineup Could Get Upgrades This Year,"Ashraf Eassa | Jun 10, 2018"
10 Reasons Why I'm Selling All of My Apple Stock,"Brian Feroldi | Jun 10, 2018"
Apple Is Playing It Safe This Year With iPhone Production,"Evan Niu, CFA | Jun 8, 2018"
Why Apple Inc. Stock Rose 13% in May,"Jeremy Bowman | Jun 8, 2018"
3 Stocks That Could Put Apple's Returns to Shame,"Brian Feroldi, Keith Speights, and Neha Chamaria | Jun 7, 2018"
Apple's Big Bet on OLED in 2019 Creates Winners and Losers,"Ashraf Eassa | Jun 6, 2018"
This Announcement at WWDC Could Propel Apple's Services Business Higher,"Daniel Sparks | Jun 5, 2018"
Apple Is Taking Apple News to the Next Level,"Evan Niu, CFA | Jun 5, 2018"
Apple Is on Track to Become the First Trillion-Dollar Company,"Ashraf Eassa | Jun 5, 2018"
3 Top Announcements From Apple's Worldwide Developers Conference,"Daniel Sparks | Jun 4, 2018"
Everything Apple Just Announced at WWDC,"Evan Niu, CFA | Jun 4, 2018"
Apple's Big Event: What to Expect,"Daniel Sparks | Jun 1, 2018"
3 Things to Expect From Apple's WWDC 2018,"Natalie Walters | Jun 1, 2018"
Don't Expect Any Major Hardware Announcements From Apple Next Week,"Evan Niu, CFA | May 31, 2018"
Apple Is Getting Into Music Publishing,"Evan Niu, CFA | May 30, 2018"
"Apple, Inc. vs. Texas Instruments: Which Dividend Stock Is Better?","Daniel Sparks | May 30, 2018"
"Is Apple's Mysterious ""Star"" a Hybrid Laptop or a Cheaper iPhone?","Leo Sun | May 30, 2018"
How Apple Dethroned Intel As the World's Most Innovative Chipmaker,"Ashraf Eassa | May 28, 2018"
Apple Proves That Even a $900 Billion Company Can Be Quick on Its Feet,"Ashraf Eassa | May 27, 2018"
Apple's Next iPhone Chip Is Now in Mass Production,"Ashraf Eassa | May 25, 2018"
Apple Changing Gears Yet Again on Autonomous Driving,"Evan Niu, CFA | May 24, 2018"
Canalys: Apple Shipped 3.8 Million Watches in Q1,"Evan Niu, CFA | May 23, 2018"
Why Apple Investors Should Stop Obsessing Over iPhone Sales Rumors,"Natalie Walters | May 23, 2018"
"Apple, Inc.'s Most Important Catalyst in 8 Metrics","Daniel Sparks | May 23, 2018"
Apple Is Slipping Further Away From This 5-Year-Old Prediction,"Evan Niu, CFA | May 23, 2018"
3 Things That Could Push Apple Stock to $200 and Beyond,"Ashraf Eassa | May 23, 2018"
Why Apple Is a Great Dividend Growth Stock,"Ashraf Eassa | May 23, 2018"
5 Jaw-Dropping Graphs Detailing Apple Inc's March to $1 Trillion,"Brian Stoffel | May 22, 2018"
Why Buffett Keeps Buying Apple,"Danny Vena | May 19, 2018"
Apple's HomePod Makes a Small Dent in Smart Speaker Market During Debut Quarter,"Evan Niu, CFA | May 18, 2018"
Why It's Not Smart to Bet Against Apple's iPhone Business,"Nicholas Rossolillo | May 17, 2018"
Is Apple on the Verge of Major Profitability Growth?,"Ashraf Eassa | May 15, 2018"
Apple Doubles Down on Its Future,"Ashraf Eassa | May 14, 2018"
Why I'm Not Excited by Apple's $100 Billion Stock Buyback,"Ashraf Eassa | May 13, 2018"
Are Shrinking Margins Going to Be a Problem for Apple?,"Ashraf Eassa | May 13, 2018"
Here's Why Many Apple Suppliers' Shares Crashed Last Month,"Anders Bylund | May 11, 2018"
Apple Punctuates Solid Quarter With Massive Capital Return,"Danny Vena | May 10, 2018"
The Real Winner in Apple's New Credit Card Deal Might Surprise You,"Matthew Frankel, CFP | May 10, 2018"
Apple Is Getting Deeper Into Credit Cards in Order to Boost Apple Pay,"Evan Niu, CFA | May 10, 2018"
Don't Bail on Apple Just Yet,"Motley Fool Staff | May 9, 2018"
What's Going On With Apple's Inventory?,"Motley Fool Staff | May 9, 2018"
Apple's Smaller Segments Continue to Rock,"Motley Fool Staff | May 8, 2018"
Highlights From Apple's Latest Earnings Report,"Motley Fool Staff | May 8, 2018"
All the Things That Made Apple Pop Higher on Earnings,"Motley Fool Staff | May 8, 2018"
Will Warren Buffett Buy Even More Apple Stock?,"Matthew Frankel, CFP | May 8, 2018"
Guess Which Company Is Buying More Apple Stock Than Berkshire Hathaway,"Daniel Sparks | May 7, 2018"
Will Apple Launch a 16K Mixed Reality Headset in 2020?,"Leo Sun | May 6, 2018"
Report: Apple Is Working on Virtual and Augmented Reality Headset,"Ashraf Eassa | May 5, 2018"
"Tech Stocks This Week: Apple Stock Hits New High, Snap Plummets, and More","Daniel Sparks | May 5, 2018"
"Apple, Inc.'s 16% Dividend Increase -- What You Need to Know","Daniel Sparks | May 5, 2018"
"Why Apple, Kraft Heinz, and California Resources Jumped Today","Dan Caplinger | May 4, 2018"
"4 New, Must-See Quotes From Apple, Inc. Management","Daniel Sparks | May 4, 2018"
Warren Buffett Just Bought More Apple Stock -- Here's the Key Lesson to Learn,"Matthew Frankel, CFP | May 4, 2018"
"Why Apple's ""Evil"" Inventory Just Spiked to the Highest Level Ever","Evan Niu, CFA | May 2, 2018"
"Why Apple, Inc. Stock Popped 5% Wednesday","Daniel Sparks | May 2, 2018"
1 Product Line in Which Apple Inc. Should Ditch Intel,"Ashraf Eassa | May 2, 2018"
Apple Earnings: Buybackpalooza,"Evan Niu, CFA | May 2, 2018"
Apple Earnings: Growth Accelerates Yet Again,"Daniel Sparks | May 1, 2018"
Apple Inc. (AAPL) Q2 2018 Earnings Conference Call Transcript,"Motley Fool Staff | May 1, 2018"
Time to Buy Apple Stock? 1 Analyst Thinks So,"Rich Smith | May 1, 2018"
Apple Declares War on Top Telcos Over eSIM Tech,"Leo Sun | May 1, 2018"
Apple Investors Will Be Focused on iPhone Numbers This Week,"Natalie Walters | Apr 30, 2018"
Here's Why Apple Inc. Is Aggressively Targeting Android Switchers,"Ashraf Eassa | Apr 30, 2018"
"Apple, Inc. Earnings: 5 Key Metrics to Watch","Daniel Sparks | Apr 29, 2018"
Apple Inc. Wants Price Cuts on Key iPhone Component,"Ashraf Eassa | Apr 28, 2018"
3 Signs Apple's High-Growth Days Are Over,"Jeremy Bowman | Apr 27, 2018"
Think Twice Before You Buy Apple Stock,"Ashraf Eassa | Apr 27, 2018"
3 Reasons Apple's iPhone X Underperformed,"Ashraf Eassa | Apr 26, 2018"
Apple Inc.'s A12 Chip Is Likely in Mass Production Right Now,"Ashraf Eassa | Apr 25, 2018"
Report: LG Display Struggling to Build Screens for Apple Inc.,"Ashraf Eassa | Apr 25, 2018"
"Texas Instruments, Inc. Shrugs Off Apple-Based Worries to Crush Q1 Estimates","Anders Bylund | Apr 25, 2018"
Analyst Slashes Apple Inc. iPhone Sales Estimates,"Ashraf Eassa | Apr 25, 2018"
Apple Reportedly Seeking OLED Price Cuts From Samsung,"Evan Niu, CFA | Apr 24, 2018"
Apple May Not Be Astounding Us Anymore -- but Does It Have To?,"Motley Fool Staff | Apr 23, 2018"
Apple Music Has a New Antitrust Risk,"Evan Niu, CFA | Apr 23, 2018"
1 Reason to Be Excited About Apple Inc.'s Upcoming Product Cycle,"Ashraf Eassa | Apr 22, 2018"
3 Reasons Apple's HomePod Is Struggling,"Leo Sun | Apr 22, 2018"
Tech Stocks This Week: Netflix and Twitter Pop and Apple Falls,"Daniel Sparks | Apr 21, 2018"
Apple's HomePod Has a Long Way to Go,"Natalie Walters | Apr 21, 2018"
2 Reasons Spotify Could Be More Profitable Than Apple Music,"Evan Niu, CFA | Apr 20, 2018"
What Two Recent Hires Say About Apple's Future,"Billy Duberstein | Apr 20, 2018"
Samsung Might Remain Sole Supplier of OLED Displays for Apple,"Evan Niu, CFA | Apr 20, 2018"
Apple Stock Pulls Back: Is This a Buying Opportunity?,"Daniel Sparks | Apr 20, 2018"
Apple Inc. Reportedly Doesn't Want to Pay for TSMC's Upgraded Tech,"Ashraf Eassa | Apr 20, 2018"
Break Even and Lock In: Apple's Subscription Services Strategy,"Adam Levy | Apr 20, 2018"
Spotify Cozies Up to Hulu To Fend Off Apple,"Natalie Walters | Apr 20, 2018"
Do Apple Product Leaks Give the Competition a Leg Up?,"Ashraf Eassa | Apr 19, 2018"
Apple Says It's Not Pursuing Universal Software Platform,"Evan Niu, CFA | Apr 19, 2018"
Can Apple Convince Customers to Pay for News?,"Leo Sun | Apr 19, 2018"
Apple Music Growth Doubles to 2 Million Paying Subscribers Per Month,"Natalie Walters | Apr 19, 2018"
Apple Could Have 110 Million Apple Music Subscribers in 3 Years,"Evan Niu, CFA | Apr 18, 2018"
Here's Who Wins If Apple Inc. Ditches Intel Corp.,"Ashraf Eassa | Apr 18, 2018"
Apple Inc. Is Doubling Down on 3D-Sensing Tech,"Ashraf Eassa | Apr 17, 2018"
"Apple Music Is Boosting Services Revenue, but Not Profits","Evan Niu, CFA | Apr 17, 2018"
"Following Texture Acquisition, Apple Reportedly Planning News Subscription Service","Evan Niu, CFA | Apr 17, 2018"
Apple Music Tops 40 Million Subscribers,"Danny Vena | Apr 17, 2018"
Apple Inc.'s 2018 iPhone Production Plans Look Modest,"Ashraf Eassa | Apr 17, 2018"
Why Apple Inc. Won't Release an iPhone 9 This Year,"Ashraf Eassa | Apr 16, 2018"
Will Apple Cut Intel Out of the iPhone?,"Ashraf Eassa | Apr 15, 2018"
Better Buy: Apple Inc. (AAPL) vs. IBM Common Stock (IBM),"Brian Stoffel | Apr 13, 2018"
Apple's Latest Hire Shows It's Getting Serious About AI (but It Probably Won't Dominate),"Chris Neiger | Apr 13, 2018"
Apple's 2019 iPhone Could Have a Triple-Lens Camera,"Ashraf Eassa | Apr 13, 2018"
A Major Roadblock to Apple's In-House Mac Processor,"Ashraf Eassa | Apr 13, 2018"
Apple Inc. Announces (PRODUCT)RED iPhone 8 and iPhone 8 Plus,"Ashraf Eassa | Apr 12, 2018"
Apple's HomePod Isn't Selling Well,"Evan Niu, CFA | Apr 12, 2018"
"At 40 Million Subscribers, Apple Music's Momentum Continues","Daniel Sparks | Apr 12, 2018"
Apple Names a New Music Chief,"Evan Niu, CFA | Apr 11, 2018"
3 Things to Expect from Apple Inc.'s 2019 Mac Pro,"Ashraf Eassa | Apr 10, 2018"
3 Reasons to Avoid Apple Stock,"Ashraf Eassa | Apr 10, 2018"
Taking a Bite Out of Apple With Gene Munster,"John Rotonti | Apr 9, 2018"
Apple Is Waving a Fat Wad of Cash at Hollywood,"Danny Vena | Apr 8, 2018"
"Tech Stocks This Week: Spotify's Debut, Apple's Mac Pro Plans, and More","Daniel Sparks | Apr 7, 2018"
How I Learned to Stop Worrying and Buy (Not Trade) Apple,"Leo Sun | Apr 7, 2018"
Better Buy: Apple Inc. vs. Alphabet,"Joe Tenebruso | Apr 6, 2018"
Don't Expect Apple Inc. to Use AMD Processors in the Mac,"Ashraf Eassa | Apr 5, 2018"
"Why I'll Be Watching Apple, Inc. Earnings","Daniel Sparks | Apr 5, 2018"
Apple Needs More Than HomePod to Play in Smart Home,"Travis Hoium | Apr 5, 2018"
1 More Technology Apple Inc. Needs to Bring In-House,"Ashraf Eassa | Apr 5, 2018"
Apple Plans for a Future Without Intel,"Danny Vena | Apr 5, 2018"
Report: Apple Working on Curved-Screen iPhones,"Ashraf Eassa | Apr 4, 2018"
Apple's Augmented Reality Efforts Gain Steam,"Leo Sun | Apr 4, 2018"
Intel Corp. Needs to Have a Talk With Shareholders About Apple Inc.,"Ashraf Eassa | Apr 4, 2018"
Report: Apple Inc. Kicking Intel Corp. Out of the Mac,"Ashraf Eassa | Apr 4, 2018"
The New Apple Inc. iPad Is Way Faster Than Nearly Every Chromebook,"Ashraf Eassa | Apr 4, 2018"
Apple Could Start Transitioning Away From Intel Chips as Soon as 2020,"Evan Niu, CFA | Apr 2, 2018"
Huawei Makes Apple Inc.'s iPhone X Camera Look Amateurish,"Ashraf Eassa | Apr 2, 2018"
Apple May Be the Biggest Winner From Facebook's Data Scandal,"Jamal Carnette, CFA | Apr 2, 2018"
Is Apple Inc. a Buy?,"Daniel B. Kline | Apr 1, 2018"
3 Reasons to Buy Apple Inc.'s 10.5-Inch iPad Pro Instead of the New 9.7-Inch iPad,"Ashraf Eassa | Mar 30, 2018"
Why Video Streaming Might Be a Bad Fit for Apple,"Jeremy Bowman | Mar 30, 2018"
Is This Key Catalyst for Apple Just Getting Started?,"Daniel Sparks | Mar 29, 2018"
Analyst: Apple Inc. to Launch Apple Watch Series 4 Later This Year,"Ashraf Eassa | Mar 29, 2018"
"Apple, Inc. Will Likely Announce a Dividend Increase Next Month","Daniel Sparks | Mar 29, 2018"
Apple Inc. Announces Updated iPad,"Ashraf Eassa | Mar 29, 2018"
Apple's New iPad Doesn't Solve Its Core Problem in the Classroom,"Timothy Green | Mar 28, 2018"
Report: Apple Inc. Prepping New iPhone Colors to Boost Sales,"Ashraf Eassa | Mar 28, 2018"
Steve Jobs Would Approve of Apple's New Focus,"Jamal Carnette, CFA | Mar 28, 2018"
Does This Apple Inc. iPhone X Plus Pricing Rumor Make Sense?,"Ashraf Eassa | Mar 27, 2018"
Apple Launches Its Most Aggressively Priced iPad Yet,"Daniel Sparks | Mar 27, 2018"
"No. 1 in a Decade: Apple, Amazon, Alphabet, or Facebook?","Daniel Sparks | Mar 26, 2018"
"For Apple Inc.'s iPhone, Some Good News","Ashraf Eassa | Mar 26, 2018"
Analyst Reduces Apple Inc. iPhone X Sales Expectations,"Ashraf Eassa | Mar 25, 2018"
5 Reasons to Buy Apple Stock and Hold for the Long Term,"Danny Vena | Mar 24, 2018"
"Tech Stocks This Week: Dropbox's Big Launch, Apple Rumors, and More","Daniel Sparks | Mar 24, 2018"
Why I Don't Believe This Blush Gold Apple Inc. iPhone X Leak,"Ashraf Eassa | Mar 24, 2018"
Apple and Disney Gear Up to Pounce on Netflix,"Natalie Walters | Mar 23, 2018"
Some Android Rivals Simply Can't Afford to Compete With Apple's Face ID,"Evan Niu, CFA | Mar 23, 2018"
An Affordable iPad Could Headline Apple's Education Event Next Week,"Evan Niu, CFA | Mar 23, 2018"
Apple Reportedly to Begin Trial Production of New iPhones Next Quarter,"Ashraf Eassa | Mar 22, 2018"
Apple Inc. Is Reportedly Developing Its Own Screens,"Ashraf Eassa | Mar 22, 2018"
Analysts: Apple Inc. iPhone X Sales Continue to Disappoint,"Ashraf Eassa | Mar 22, 2018"
3 Technologies Apple Inc. Could Be Bringing In-House,"Ashraf Eassa | Mar 21, 2018"
It Looks Like Apple Music Chief Jimmy Iovine Is Actually Leaving,"Evan Niu, CFA | Mar 21, 2018"
A Thought on Apple Inc. iPhone X Plus Pricing,"Ashraf Eassa | Mar 21, 2018"
3 Ways Apple Inc. Can Improve the iPhone X's Screen,"Ashraf Eassa | Mar 21, 2018"
Can Apple Ever Walk Back on iPhone Pricing?,"Evan Niu, CFA | Mar 20, 2018"
Can This Fast-Growing Apple Segment Maintain Momentum?,"Daniel Sparks | Mar 20, 2018"
Broadcom Expects Apple Chip Shipments to Plunge This Quarter,"Ashraf Eassa | Mar 20, 2018"
Even Suppliers Think Apple Has a 2-Year Head Start on 3D Sensing,"Evan Niu, CFA | Mar 20, 2018"
"3 Metrics Show Surprising Growth for Apple, Inc.'s Services","Daniel Sparks | Mar 20, 2018"
2 Products That Could Drive Up Apple Stock,"Ashraf Eassa | Mar 19, 2018"
Report: Apple to Buy 270 Million Smartphone Displays in 2018,"Ashraf Eassa | Mar 19, 2018"
Apple Reportedly Looking to Insource Display Technology,"Evan Niu, CFA | Mar 19, 2018"
A Foolish Take: Apple Is the World's Top Wearables Maker,"Leo Sun | Mar 19, 2018"
"Tech Stocks This Week: Spotify, Broadcom, and Apple Steal the Show","Daniel Sparks | Mar 17, 2018"
3 Growth Opportunities for Apple Inc.,"Ashraf Eassa | Mar 17, 2018"
Battle of Dividends: Apple Inc. vs. Microsoft,"Daniel Sparks | Mar 16, 2018"
Report: No Apple Inc. iPhone SE Refresh in the First Half of 2018,"Ashraf Eassa | Mar 16, 2018"
Apple and Blockchain: Together at Last?,"Sean Williams | Mar 16, 2018"
Here's What Investors Got Wrong About Apple's Recent Financial Report,"Danny Vena | Mar 15, 2018"
Apple Takes the Lead in Wearables,"Ashraf Eassa | Mar 15, 2018"
Apple One-Ups Facebook With Purchase of Texture,"Natalie Walters | Mar 14, 2018"
"With 38 Million Subscribers, Apple Music Growth Appears to Be Accelerating","Evan Niu, CFA | Mar 12, 2018"
Report: Apple Inc. Prepping a New 13.3-inch MacBook,"Ashraf Eassa | Mar 12, 2018"
"Apple Is Scooping Up Texture, a Subscription-Based Magazine Service","Evan Niu, CFA | Mar 12, 2018"
"Apple's Unusual Pursuit of Cobalt, Explained","Maxx Chatsko | Mar 12, 2018"
Another Detail About Apple Inc.'s Upcoming Lower-Cost iPhone X Revealed,"Ashraf Eassa | Mar 12, 2018"
Apple's iPhone X vs. Samsung's New Galaxy S9,"Natalie Walters | Mar 11, 2018"
Apple's HomePod Is Off to a Slow Start,"Evan Niu, CFA | Mar 9, 2018"
Apple Reportedly Plans to Launch a New iPad Pro in June,"Ashraf Eassa | Mar 9, 2018"
Apple Inc. Is Rumored to Ditch the Notch in 2019 iPhone Models,"Ashraf Eassa | Mar 9, 2018"
3 Reasons Apple Isn't Buying Snap,"Rick Munarriz | Mar 8, 2018"
Better Buy: Corning Incorporated vs. Apple Inc.,"Leo Sun | Mar 8, 2018"
Here's Why iPhone Users Didn't Upgrade to the Apple iPhone X,"Ashraf Eassa | Mar 7, 2018"
Analyst: Apple Inc. Planning New MacBook Air for Second-Quarter Launch,"Ashraf Eassa | Mar 7, 2018"
Apple Inc.'s Marketing Chief Made a Mistake,"Ashraf Eassa | Mar 7, 2018"
3 Reasons People Aren't Upgrading to Apple's iPhone X,"Evan Niu, CFA | Mar 6, 2018"
2 Ways the Samsung Galaxy S9 Crushes the Apple iPhone X,"Ashraf Eassa | Mar 6, 2018"
Why the Apple Inc. iPad Mini Has No Future,"Ashraf Eassa | Mar 6, 2018"
"Apple, Inc.'s 2 Biggest Catalysts Are Still on Fire","Daniel Sparks | Mar 5, 2018"
1 Analyst Thinks Apple Should Go the Wrong Way With Music Streaming,"Evan Niu, CFA | Mar 5, 2018"
Bloomberg Corroborates Rumors of Apple Premium Headphones,"Evan Niu, CFA | Mar 5, 2018"
Why I Think Apple's Average Selling Prices for iPhones Won't Come Back Down,"Ashraf Eassa | Mar 5, 2018"
Is Apple Finally Preparing to Take On Netflix?,"Danny Vena | Mar 5, 2018"
Will Apple Inc. Be Your Doctor Someday?,"Motley Fool Staff | Mar 2, 2018"
Apple Inc.'s New Approach to Huge iPhones,"Ashraf Eassa | Mar 2, 2018"
Leaked: 2 Important Apple iPhone X Plus Details,"Ashraf Eassa | Mar 2, 2018"
More Evidence That Apple Inc. Is Going to Cut This Supplier Out,"Ashraf Eassa | Mar 1, 2018"
1 Reason to Expect a Huge Performance Boost From the Apple Inc. A12,"Ashraf Eassa | Mar 1, 2018"
Apple Is Now the Top Dog in Wearables,"Evan Niu, CFA | Mar 1, 2018"
Is Wearables Apple's Next Big Growth Driver?,"Danny Vena | Mar 1, 2018"
Apple Inc.'s 12-Inch MacBook Set for a Huge Update in 2019,"Ashraf Eassa | Feb 28, 2018"
Apple's AirPower Charging Mat May Launch in March,"Ashraf Eassa | Feb 28, 2018"
Will Apple Offer 5G iPhones in 2019?,"Ashraf Eassa | Feb 27, 2018"
Warren Buffett Loves Apple Stock,"Daniel Sparks | Feb 27, 2018"
Why the Delayed Apple Inc. iPhone X Launch Hurt iPhone Sales,"Ashraf Eassa | Feb 27, 2018"
Apple Inc.'s AirPod Product Pipeline Revealed,"Ashraf Eassa | Feb 26, 2018"
Apple Reportedly Working on New High-End Headphones,"Evan Niu, CFA | Feb 26, 2018"
3 Things to Expect From Apple Inc.'s 2019 iPhones,"Ashraf Eassa | Feb 23, 2018"
Apple Is Looking to Lock Down Its Cobalt Supply,"Danny Vena | Feb 23, 2018"
Why Apple Inc.'s Next iPhone X Will Cost at Least $899,"Ashraf Eassa | Feb 23, 2018"
A New Low-Cost Apple Inc. iPad Is Coming Soon,"Ashraf Eassa | Feb 23, 2018"
1 Big Misconception About Apple's Upcoming 6.1-Inch LCD iPhone,"Ashraf Eassa | Feb 22, 2018"
Why Apple Won't Release a Midcycle Gold iPhone X,"Ashraf Eassa | Feb 22, 2018"
"Focusing on Product Depth Still Works Wonders for Apple, Inc.","Evan Niu, CFA | Feb 21, 2018"
Wireless Carriers Sold a Third of All Apple Watches in the U.S. Last Quarter,"Evan Niu, CFA | Feb 21, 2018"
Will Apple Inc. Shrink the Notch in the 2018 iPhone X Models?,"Ashraf Eassa | Feb 21, 2018"
Apple Inc. Leaves Samsung Display Holding the Bag,"Ashraf Eassa | Feb 21, 2018"
Apple Inc. Rumored to Be Prepping iPhone SE Upgrade With 4.2-Inch Screen,"Ashraf Eassa | Feb 21, 2018"
3 Improvements to Expect in Apple's 2018 iPhone X,"Ashraf Eassa | Feb 21, 2018"
3 Suppliers Set to Benefit from Apple Inc.'s 2018 iPhones,"Ashraf Eassa | Feb 19, 2018"
"3 Exclusive Features Apple, Inc. Could Bring to a 2018 iPhone X Plus","Ashraf Eassa | Feb 19, 2018"
Why Apple Might Not Use Qualcomm's Super-Fast Modem,"Ashraf Eassa | Feb 18, 2018"
"Tech Stocks This Week: Shopify Hits New Highs, Buffett Buys More Apple, and More","Daniel Sparks | Feb 17, 2018"
Apple Inc. Has Another China Problem,"Ashraf Eassa | Feb 16, 2018"
3 Things I Love About Apple Inc.'s iPhone X,"Ashraf Eassa | Feb 16, 2018"
Apple Inc. Rumored to Bring This Huge iPad Pro Feature to 6.46-Inch iPhone X,"Ashraf Eassa | Feb 16, 2018"
Apple's HomePod Is Fairly Expensive to Build,"Evan Niu, CFA | Feb 15, 2018"
Warren Buffett Just Bought Loads of Apple Stock -- Should You?,"Daniel Sparks | Feb 15, 2018"
"Apple, Inc. Just Hit a Ridiculously Impressive Milestone","Evan Niu, CFA | Feb 15, 2018"
2 Ways Apple Inc. Can Improve the iPhone X,"Ashraf Eassa | Feb 15, 2018"
3 Companies Set to Lose From Apple's 2018 iPhones,"Ashraf Eassa | Feb 14, 2018"
Here's Why I Don't Buy This 2019 Apple iPhone Rumor,"Ashraf Eassa | Feb 14, 2018"
Apple Inc.'s Awkward 3D Touch Situation,"Ashraf Eassa | Feb 14, 2018"
Apple Says Repatriated Cash Won't Change Its M&A Strategy,"Natalie Walters | Feb 13, 2018"
It's Time for Apple to Bring This iPad Pro Feature to iPhone,"Ashraf Eassa | Feb 13, 2018"
Don't Overlook These Metrics From Apple's Record First Quarter,"Daniel Sparks | Feb 13, 2018"
1 Benefit from Apple's Rumored Move to Ditch Qualcomm for Intel in 2018 iPhones,"Ashraf Eassa | Feb 13, 2018"
Apple CEO Tim Cook Gets Defensive About iPhone X Demand,"Natalie Walters | Feb 12, 2018"
Here Are 4 All-Time Records Apple Broke in 2018's First Quarter,"Natalie Walters | Feb 12, 2018"
Apple Inc.'s iPhone Average Selling Price Challenge,"Ashraf Eassa | Feb 12, 2018"
The Clues That Apple Inc. Significantly Reduced Its iPhone X Manufacturing Plans,"Ashraf Eassa | Feb 11, 2018"
"Apple, Inc. Might Have a ""HomePod Mini"" in the Works","Evan Niu, CFA | Feb 9, 2018"
Apple Inc.'s iPhone Camera Problem,"Ashraf Eassa | Feb 8, 2018"
Why Intel Corp. Might Win the Entirety of the 6.1-inch LCD Apple iPhone Modem Orders,"Ashraf Eassa | Feb 8, 2018"
"Ahead of Launch, Apple HomePod Reviews Aren't Great","Evan Niu, CFA | Feb 7, 2018"
This Apple Inc. Analyst Is Skeptical of an iPhone SE 2 Launch in 2018,"Ashraf Eassa | Feb 6, 2018"
Canalys: Apple Watch Shipments Soared 54% Last Year,"Evan Niu, CFA | Feb 6, 2018"
"Apple, Inc. Is Ramping Down Bond Investments","Evan Niu, CFA | Feb 6, 2018"
Apple Aims to Revolutionize Healthcare â€¦ for Free,"Billy Duberstein | Feb 6, 2018"
Apple Music Now at 36 Million Paid Subscribers,"Evan Niu, CFA | Feb 5, 2018"
3 Things Apple Inc. Management Wants You to Know,"Ashraf Eassa | Feb 5, 2018"
1 More Way Apple Inc. Will Keep Its 6.1-Inch LCD iPhone Costs Low,"Ashraf Eassa | Feb 5, 2018"
"Here's How Much Apple, Inc. Will Gain From Tax Reform","Adam Levine-Weinberg | Feb 5, 2018"
3 Positives From Apple Inc.'s Earnings Report,"Ashraf Eassa | Feb 4, 2018"
"Here's Why Apple Doesn't Need a ""Major Spec Upgrade"" for 2018 iPhones","Ashraf Eassa | Feb 3, 2018"
An Apple Supplier Reportedly Cuts Component Production,"Ashraf Eassa | Feb 2, 2018"
"Why Apple, Alphabet, and Chevron Slumped Today","Dan Caplinger | Feb 2, 2018"
"Understanding Apple's New ""Net Cash Neutral"" Goal","Evan Niu, CFA | Feb 2, 2018"
Apple Earnings: A Record Quarter With Mediocre Guidance,"Evan Niu, CFA | Feb 2, 2018"
Apple Inc. (AAPL) Q1 2018 Earnings Conference Call Transcript,"Motley Fool Staff | Feb 1, 2018"
Apple Earnings: iPhone X Helps Drive Record Results,"Daniel Sparks | Feb 1, 2018"
"Apple, Inc. Will Survive This Battery-Powered Drama, Too","Anders Bylund | Feb 1, 2018"
Weak iPhone X Sales Won't Derail Apple Inc. OLED Display Adoption,"Ashraf Eassa | Feb 1, 2018"
Apple Earnings: What to Expect Tomorrow,"Evan Niu, CFA | Jan 31, 2018"
Apple Stock Downgraded Ahead of Earnings: What You Need to Know,"Rich Smith | Jan 31, 2018"
Apple Inc. Rumored to Be Working on 4 New iPhones for 2018,"Ashraf Eassa | Jan 31, 2018"
Why This Rumored 6.1-inch Apple Inc. iPhone Spec Is False,"Ashraf Eassa | Jan 30, 2018"
"How Many Macs Did Apple, Inc. Sell in Q1?","Daniel Sparks | Jan 29, 2018"
Apple Inc.'s 6.1-inch LCD iPhone Specs Revealed,"Ashraf Eassa | Jan 29, 2018"
Apple Inc.'s New iOS 11.3 Looks Like a Huge Update,"Ashraf Eassa | Jan 29, 2018"
1 Big Hint That the 6.1-Inch LCD iPhone Will Use Apple Inc.'s Latest A12 Chip,"Ashraf Eassa | Jan 28, 2018"
"Tech Stocks This Week: Apple Earnings on Deck, Twitter Stock Jumps, and More","Daniel Sparks | Jan 27, 2018"
Apple Earnings: 3 Metrics to Watch,"Daniel Sparks | Jan 26, 2018"
How Shazam Could Help Grow Apple Music,"Evan Niu, CFA | Jan 26, 2018"
Is Apple Throwing in the Towel on 3D Touch?,"Ashraf Eassa | Jan 26, 2018"
Is The Apple Inc. iPhone X a Success in the U.S.?,"Ashraf Eassa | Jan 26, 2018"
Here's How This Apple Inc. Supplier's Latest Chip Tech Is Doing,"Ashraf Eassa | Jan 25, 2018"
"The Real Reason Apple Inc. Is So Cheap Compared to Alphabet Inc, Facebook Inc, and Microsoft Corporation","Brian Stoffel | Jan 25, 2018"
Apple Has a New Enterprise Partner,"Danny Vena | Jan 25, 2018"
What Does Apple Make? Money. Lots of Money.,"Motley Fool Staff | Jan 24, 2018"
2 Strategically Important Features in Apple's Upcoming iOS 11.3,"Evan Niu, CFA | Jan 24, 2018"
"Why Apple, Inc. Stock Soared 46% in 2017","Daniel Sparks | Jan 24, 2018"
Trump's Shot at Samsung Could Hit Apple,"Jamal Carnette, CFA | Jan 24, 2018"
Apple Inc. Is Trying to Change This Controversial iPhone X Design Feature,"Ashraf Eassa | Jan 24, 2018"
"Apple, Inc.'s HomePod to Launch on Feb. 9: What You Need to Know","Evan Niu, CFA | Jan 23, 2018"
Will Apple Miss Out on This Huge Opportunity?,"Harsh Chauhan | Jan 23, 2018"
3 Great Reasons to Buy Apple Stock,"Joe Tenebruso | Jan 22, 2018"
How Many iPhones Did Apple Inc. Sell in Q1?,"Daniel Sparks | Jan 22, 2018"
Here's How Apple Inc. Crushed It in 2017,"Joe Tenebruso | Jan 22, 2018"
"Apple, Inc. Might Walk Back This Key iPhone Strategy","Evan Niu, CFA | Jan 22, 2018"
Will 2018 Be Apple Inc.'s Best Year Yet?,"Rick Munarriz | Jan 22, 2018"
"Apple Addresses Repatriation Issue, but Leaves Big Question Unanswered","Danny Vena | Jan 21, 2018"
Why the Apple Inc. iPhone X Isn't Doing as Well as Hoped in China,"Ashraf Eassa | Jan 21, 2018"
"Apple, Inc.'s Q1 Services Revenue Could Top $9 Billion","Daniel Sparks | Jan 21, 2018"
Apple Inc. Might Be Planning to Kill the iPhone X Later in 2018,"Ashraf Eassa | Jan 20, 2018"
Tech Stocks This Week: IBM Earnings and Apple's Plans for $350 BIllion,"Daniel Sparks | Jan 20, 2018"
"Apple, Inc. Earnings: Why I'm Watching Guidance","Daniel Sparks | Jan 19, 2018"
Will This Be Apple's Biggest Mistake Since the Newton?,"Rich Duprey | Jan 19, 2018"
1 Big Improvement That Apple Needs to Bring to the New iPhone SE,"Ashraf Eassa | Jan 18, 2018"
Why the Apple Inc. MacBook Pro Won't See a Major Upgrade in 2018,"Ashraf Eassa | Jan 18, 2018"
"Breaking Down Apple, Inc.'s Massive $350 Billion U.S. Investment","Evan Niu, CFA | Jan 18, 2018"
Will Apple Inc.'s Battery Replacement Program Hurt iPhone Sales?,"Ashraf Eassa | Jan 17, 2018"
"Apple, Inc.'s $350 Billion Commitment to the U.S. Economy -- What You Need to Know","Daniel Sparks | Jan 17, 2018"
"Apple, Inc.'s HomePod Launch Could Be Imminent","Evan Niu, CFA | Jan 17, 2018"
These Display Makers Are Competing for Apple Inc.'s OLED Orders,"Ashraf Eassa | Jan 17, 2018"
Lots of Potential Uses for Apple's Cash Haul,"Danny Vena | Jan 16, 2018"
Apple Earnings: Looking for More Growth,"Daniel Sparks | Jan 15, 2018"
The 2 Ways Apple Will Probably Spend Its Cash Hoard in 2018,"Natalie Walters | Jan 14, 2018"
No. Apple and Amazon Aren't Going to Lead a Mega-Merger Boom in 2018,"Rich Duprey | Jan 14, 2018"
Should Apple Be Responsible for Combating Device Addiction?,"Danny Vena | Jan 12, 2018"
Some Great News for Apple Inc. iPhone SE Fans,"Ashraf Eassa | Jan 12, 2018"
Apple Is Well on Its Way to Doubling Services Revenue by 2020,"Adam Levy | Jan 10, 2018"
3 Key Markets Where Apple's iPhone X Sales Soared,"Evan Niu, CFA | Jan 10, 2018"
What Will Apple Do After Repatriating All of Its Cash?,"Adam Levy | Jan 10, 2018"
Apple Might Not Be Losing Jimmy Iovine After All,"Evan Niu, CFA | Jan 10, 2018"
"Hey, Apple! Here's 1 Way to Boost iPhone Sales.","Ashraf Eassa | Jan 10, 2018"
Don't Buy Apple Stock Just for $122 Billion of Buybacks,"Adam Levine-Weinberg | Jan 9, 2018"
Apple Inc. Reportedly to Tap New Display Supplier for 6.46-Inch OLED iPhone,"Ashraf Eassa | Jan 9, 2018"
Apple Inc. May Finally Have a Serious Chip Competitor,"Ashraf Eassa | Jan 7, 2018"
What to Expect From Apple in 2018,"Natalie Walters | Jan 6, 2018"
Blockbuster Holiday Spending on Apple's App Store Bodes Well for Services Business,"Evan Niu, CFA | Jan 6, 2018"
"App Store Revenue Continues Surging for Apple, Inc.","Adam Levine-Weinberg | Jan 6, 2018"
"Apple, Inc. Is Losing Its Apple Music Chief at a Terrible Time","Evan Niu, CFA | Jan 5, 2018"
Here's What to Expect From the 2018 Apple Inc. iPhone Lineup,"Ashraf Eassa | Jan 5, 2018"
"Sorry, Folks: Apple Isn't Buying Netflix","Rick Munarriz | Jan 4, 2018"
Key Spec of Apple's 2018 iPhones Revealed,"Ashraf Eassa | Jan 3, 2018"
Apple Inc.'s 13-Inch MacBook Pro Set for Huge Upgrade in 2018,"Ashraf Eassa | Jan 2, 2018"
Apple Inc.'s 6.46-Inch iPhone X Could Be a Huge Seller,"Ashraf Eassa | Jan 2, 2018"
Apple Inc.'s iPhone Market Share Problem,"Ashraf Eassa | Jan 2, 2018"
Tech Stocks This Week: Apple's Pullback and Alibaba's Potential,"Daniel Sparks | Dec 30, 2017"
Is a Misunderstanding Dragging Down Apple Shares?,"Danny Vena | Dec 30, 2017"
"From Your iPhone to Your Macbook, Apple Wants Apps to Work Across Its Ecosystem","Danny Vena | Dec 29, 2017"
This Could Be Apple Inc.'s Most Interesting Product in 2018,"Ashraf Eassa | Dec 29, 2017"
Analyst Disputes Report of Apple Inc. iPhone X Production Cut,"Ashraf Eassa | Dec 29, 2017"
1 Feature Apple Inc. Needs to Bring to the 2018 iPhone X,"Ashraf Eassa | Dec 28, 2017"
Apple Inc. Reportedly Working on Bigger Batteries,"Ashraf Eassa | Dec 28, 2017"
Why This Apple Inc. 2018 iPhone Supplier Rumor Is Probably Wrong,"Ashraf Eassa | Dec 28, 2017"
Apple Plays Dirty With Finisar Investment That May Limit Competitors' Supply,"Natalie Walters | Dec 27, 2017"
I Can't Believe This Apple Inc. iPhone X Criticism,"Ashraf Eassa | Dec 27, 2017"
Apple Has Made a Terrible Mistake,"Timothy Green | Dec 27, 2017"
Apple Is Leading the Charge to Offline AI,"Danny Vena | Dec 27, 2017"
Apple Inc. Gets Punished for Doing the Right Thing,"Ashraf Eassa | Dec 26, 2017"
Here's Why Apple Inc. Couldn't Redesign the iPhone 8,"Ashraf Eassa | Dec 26, 2017"
Apple Inc.'s iPhone X Might Not Be Selling As Well As Hoped,"Ashraf Eassa | Dec 26, 2017"
Apple's Shazam Purchase Is Part of Its Master Plan,"Natalie Walters | Dec 26, 2017"
Apple Inc. Rumored to Cut iPhone Prices in Early 2018,"Ashraf Eassa | Dec 25, 2017"
How Much Apple Stock Does Warren Buffett's Berkshire Hathaway Own?,"Daniel Sparks | Dec 24, 2017"
"Tech Stocks This Week: Analysts Get Bullish on Twitter and Apple, and Amazon Buys Blink","Daniel Sparks | Dec 23, 2017"
"Should Apple, Inc. Fear Lawsuits From Disgruntled iPhone Users?","Anders Bylund | Dec 23, 2017"
"How Much Cash Will Apple, Inc. Repatriate Under New Tax Law?","Evan Niu, CFA | Dec 22, 2017"
Can You Name Apple's 6 Biggest Acquisitions,"Rich Duprey | Dec 22, 2017"
Apple Inc. Is Set to Buy a Lot of OLED Displays From Samsung in 2018,"Ashraf Eassa | Dec 21, 2017"
"Apple, Inc. Reportedly Looking to Add EKG Heart Monitor to Apple Watch","Evan Niu, CFA | Dec 21, 2017"
Here's Why Apple Will Be the Most Valuable Brand for Years to Come,"Rich Duprey | Dec 21, 2017"
Apple Has Returned $234 Billion to Shareholders -- and There's Plenty More to Come,"Daniel Sparks | Dec 20, 2017"
Apple Stock: Headed to $190?,"Daniel Sparks | Dec 20, 2017"
Why Did Apple Invest in These Two Companies?,"Leo Sun | Dec 20, 2017"
Apple Inc. Seemingly Catches Up With iPhone X Demand,"Ashraf Eassa | Dec 19, 2017"
"Has Apple, Inc.'s iPhone X Already Reached Supply-Demand Balance?","Evan Niu, CFA | Dec 18, 2017"
1 Sign This Small Apple Segment Looks Poised for More Strong Growth,"Daniel Sparks | Dec 18, 2017"
Apple Is About to Say Shazam,"Danny Vena | Dec 18, 2017"
Apple's Impressive Fiscal 2017 in 4 Charts,"Daniel Sparks | Dec 17, 2017"
"Tech Stocks This Week: Apple's Acquisition, Twitter's Threads, and More","Daniel Sparks | Dec 16, 2017"
The Genius Marketing of Apple's Advanced Manufacturing Fund,"Evan Niu, CFA | Dec 14, 2017"
"Apple's ""Award"" to Finisar Looks Like Prepayment for 3D Sensing Components","Evan Niu, CFA | Dec 14, 2017"
"With the New iMac Pro, Apple's Mac Momentum Looks Poised to Continue","Daniel Sparks | Dec 14, 2017"
"Once Again, Spotify Wants Antitrust Regulators to Crack Down on Apple, Inc.","Evan Niu, CFA | Dec 14, 2017"
Why This 2018 Apple iPhone Rumor Makes Perfect Sense,"Ashraf Eassa | Dec 13, 2017"
1 Feature Apple Will Likely Bring to Its 2018 iPhones,"Ashraf Eassa | Dec 13, 2017"
"Apple, Inc. Is Making a Massive -- and Brilliant -- Bet on 3D Sensing","Evan Niu, CFA | Dec 13, 2017"
5 Things I Hate About Apple,"Rick Munarriz | Dec 13, 2017"
Why This Apple Inc. Analyst Might Be Right About a 2018 Supercycle,"Ashraf Eassa | Dec 13, 2017"
This Isn't Why Apple Is Building a 6.1-Inch LCD iPhone,"Ashraf Eassa | Dec 12, 2017"
Apple TrueDepth Supplier Continues to Ramp Production,"Evan Niu, CFA | Dec 12, 2017"
Is Apple Catching Up to Google and Tesla in Self-Driving Technology?,"Billy Duberstein | Dec 12, 2017"
Home Depot Stock Beats Apple in This Key Investor Metric,"Jamal Carnette, CFA | Dec 12, 2017"
1 Surprising Rumor About Apple's Upcoming 6.1-Inch iPhone,"Ashraf Eassa | Dec 12, 2017"
Did Apple Inc. Make a Huge Mistake in 2017?,"Ashraf Eassa | Dec 11, 2017"
Why This FDA Approval Could Be a Huge Deal for Apple,"Danny Vena | Dec 11, 2017"
Apple May Soon Get Another OLED Display Supplier,"Ashraf Eassa | Dec 10, 2017"
Apple's 2 Biggest Growth Opportunities,"Ashraf Eassa | Dec 9, 2017"
Negative News Emerges for Apple iPhone X Sales,"Ashraf Eassa | Dec 9, 2017"
Is Apple Ready for Another Stock Split in 2018?,"Dan Caplinger | Dec 9, 2017"
"Tech Stocks This Week: Prime Video on Apple TV, Tesla's AI Chip, and More","Daniel Sparks | Dec 8, 2017"
Apple Might Acquire Popular Music Recognition Service Shazam,"Evan Niu, CFA | Dec 8, 2017"
Apple Inc.'s Upcoming 6.1-Inch iPhone Might Not Support This Big Feature,"Ashraf Eassa | Dec 8, 2017"
"As Expected, Apple, Inc. Would Be Among the Biggest Beneficiaries of the Republican Tax Bill","Evan Niu, CFA | Dec 7, 2017"
Is This Small-Cap Apple Supplier Stock a Buy After a 25% Drop?,"Ashraf Eassa | Dec 7, 2017"
Apple's Smartphone Market Share Dipped Ahead of iPhone X Launch,"Evan Niu, CFA | Dec 6, 2017"
Forget Amazon and Alphabet: Here's Why Apple Will Become the First $1 Trillion Company,"Jamal Carnette, CFA | Dec 6, 2017"
Apple Inc.'s 2019 iPhone Problem,"Ashraf Eassa | Dec 6, 2017"
Apple Inc.'s $259 iPad: What You Need to Know,"Ashraf Eassa | Dec 5, 2017"
2 Things Apple Does Wrong,"Ashraf Eassa | Dec 5, 2017"
Are Apple's Growth Days Over?,"Ashraf Eassa | Dec 5, 2017"
3 Things Apple Does Right,"Ashraf Eassa | Dec 5, 2017"
"Apple, Inc.'s iPhone X Surges Past Its Cheaper Cousins","Adam Levine-Weinberg | Dec 4, 2017"
Apple Expected to Double AirPods Sales in 2018,"Evan Niu, CFA | Dec 4, 2017"
This Might Be Apple Inc.'s Second Source for OLED Displays,"Ashraf Eassa | Dec 4, 2017"
1 Area Where Apple Inc. Still Falls Behind,"Ashraf Eassa | Dec 4, 2017"
Apple's Next Project: Tackling Heart Disease,"Todd Campbell | Dec 1, 2017"
Apple Inc.'s iPad Marketing Problem,"Ashraf Eassa | Dec 1, 2017"
Apple Inc.'s License to Innovate,"Ashraf Eassa | Dec 1, 2017"
"IDC: Apple, Inc. Sold 2.7 Million Watches in Q3","Evan Niu, CFA | Nov 30, 2017"
Why This 2020 Apple iPhone Rumor Is Probably False,"Ashraf Eassa | Nov 30, 2017"
Apple Music Chief Jimmy Iovine Suggests Spotify Is in Trouble,"Evan Niu, CFA | Nov 29, 2017"
Maybe I Was Wrong About This Apple Inc. iPhone Prediction,"Ashraf Eassa | Nov 29, 2017"
"Apple, Inc. Fires Back at Qualcomm in New Patent Lawsuit","Evan Niu, CFA | Nov 29, 2017"
Here's Why Warren Buffett's Berkshire Hathaway Still Loves Apple Stock,"Billy Duberstein | Nov 29, 2017"
Some Great News for Apple Inc.'s iPhone X Sales,"Ashraf Eassa | Nov 29, 2017"
"Expect a Huge Holiday Quarter From Apple, Inc.","Daniel Sparks | Nov 28, 2017"
Apple Inc. Might Be Making a Big Mistake,"Ashraf Eassa | Nov 28, 2017"
Why This Apple Inc. iPhone Rumor Probably Isn't True,"Ashraf Eassa | Nov 27, 2017"
Here's What Apple Inc. Needs to Deliver With the iPhone SE 2,"Ashraf Eassa | Nov 27, 2017"
Will Apple Raise Its Dividend in 2018?,"Dan Caplinger | Nov 26, 2017"
2 Big Upgrades to Expect in Apple Inc.'s 2018 iPhones,"Ashraf Eassa | Nov 26, 2017"
3 Reasons to Buy the Apple iPhone 8 Plus Instead of the iPhone X,"Ashraf Eassa | Nov 26, 2017"
"Apple, Inc. Sales and Earnings Are Set to Soar, Thanks to the iPhone X","Adam Levine-Weinberg | Nov 25, 2017"
3 Big Focus Areas for Apple Inc.'s 2018 Premium iPhones,"Ashraf Eassa | Nov 23, 2017"
How Apple's 6.1-Inch iPhone Can Solve This Key Issue,"Ashraf Eassa | Nov 22, 2017"
This Popular Apple Inc. Product May Be Discontinued in 2018,"Ashraf Eassa | Nov 22, 2017"
Why This Apple Inc. 6.1-Inch iPhone Rumor Makes a Lot of Sense,"Ashraf Eassa | Nov 22, 2017"
"Apple, Inc. Started Working on HomePod in 2012","Evan Niu, CFA | Nov 21, 2017"
1 Huge Selling Point for Apple Inc.'s Upcoming 6.46-Inch iPhone X,"Ashraf Eassa | Nov 21, 2017"
Inside This Questionable Apple Inc. Rumor,"Ashraf Eassa | Nov 21, 2017"
This Is the Most Exciting Product That Apple Inc. Is Planning for 2018,"Ashraf Eassa | Nov 21, 2017"
"7 Metrics Highlight Apple, Inc.'s Huge Fiscal 2017","Daniel Sparks | Nov 20, 2017"
Apple's iPhone X Supply Seems to Be Improving,"Ashraf Eassa | Nov 20, 2017"
"Tech Stocks This Week: Tesla's New Vehicles, Apple Delays Its HomePod, and More","Daniel Sparks | Nov 18, 2017"
Here's How Apple Inc. Will Keep the 6.1-inch LCD iPhone Cheap,"Ashraf Eassa | Nov 18, 2017"
"Apple, Inc.'s Mac Business Is Booming","Daniel Sparks | Nov 17, 2017"
So Much for the Holidays: Apple HomePod Delayed to 2018,"Evan Niu, CFA | Nov 17, 2017"
Apple Inc.'s 2018 iPad Pro Is Going to Get This Huge Upgrade,"Ashraf Eassa | Nov 17, 2017"
Why Apple Inc.'s 6.1-inch LCD iPhone Will Use the A11 Bionic Chip,"Ashraf Eassa | Nov 17, 2017"
Apple Inc.'s Big New Feature for Its 2019 iPhones Revealed,"Ashraf Eassa | Nov 17, 2017"
What Happens to Apple's Touch ID Now?,"Evan Niu, CFA | Nov 16, 2017"
Here's Why Apple Stock Is Still Dirt Cheap,"Ashraf Eassa | Nov 16, 2017"
Why a 6.1-inch Apple Inc. iPhone Makes Perfect Sense,"Ashraf Eassa | Nov 16, 2017"
"Warren Buffett Bought 3.9 Million More Apple, Inc. Shares Last Quarter","Evan Niu, CFA | Nov 15, 2017"
Key Details of Apple Inc.'s Next iPhones Revealed,"Ashraf Eassa | Nov 14, 2017"
"Canalys: Apple, Inc. Sold 3.9 Million Apple Watches Last Quarter","Evan Niu, CFA | Nov 14, 2017"
Here's How Apple Inc. Can Differentiate Its OLED iPhones Next Year,"Ashraf Eassa | Nov 14, 2017"
Apple Inc. Boosted R&D Spending Again in Fiscal 2017,"Ashraf Eassa | Nov 14, 2017"
Apple's iPhone X Reportedly Costs $370 to Build,"Ashraf Eassa | Nov 13, 2017"
Here's Why Apple Inc.'s 2018 iPad Pro Won't Have an OLED Screen,"Ashraf Eassa | Nov 13, 2017"
"Can Apple, Inc. Sell 4 Million HomePods Next Year?","Evan Niu, CFA | Nov 13, 2017"
Apple Inc. Set to Slash iPhone 8 Production,"Ashraf Eassa | Nov 13, 2017"
"Forget the iPhone X, Apple May Be Looking Ahead to This","Chris Neiger | Nov 13, 2017"
First Details Emerge of Apple Inc.'s 2018 iPad Pro,"Ashraf Eassa | Nov 13, 2017"
3 Things I Like About the Apple iPhone X,"Ashraf Eassa | Nov 11, 2017"
3 Upgrades to Expect in Apple Inc.'s 2018 iPhone Lineup,"Ashraf Eassa | Nov 11, 2017"
Why Won't Apple Inc. Talk About iPhone Mix?,"Ashraf Eassa | Nov 10, 2017"
The Impressive Growth of the Apple Watch,"Ashraf Eassa | Nov 10, 2017"
Why Apple Inc.'s iPhone X Doesn't Have Better Battery Life,"Ashraf Eassa | Nov 10, 2017"
Face ID May Come to Apple's iPad Pro Next Year,"Evan Niu, CFA | Nov 9, 2017"
Better Buy: Corning Incorporated vs. Apple,"Natalie Walters | Nov 9, 2017"
Is Apple Inc.'s Tim Cook Right to Mock Doubters?,"Ashraf Eassa | Nov 9, 2017"
Here's How Memory Pricing Is Hurting Apple Inc.'s Business,"Ashraf Eassa | Nov 9, 2017"
Apple Inc. Might Be Making a Mistake With Its 2018 iPhone Lineup,"Ashraf Eassa | Nov 9, 2017"
Here's How Apple Inc.'s iPhone Business Did in Fiscal 2017,"Ashraf Eassa | Nov 8, 2017"
1 Way Apple Inc.'s Next iPhone Could Be a Whole Lot Speedier,"Ashraf Eassa | Nov 8, 2017"
New Report Suggests Apple Augmented Reality Glasses Could Ship in 2020,"Evan Niu, CFA | Nov 8, 2017"
"This Might Be the Real Reason Apple, Inc. Wants Qualcomm, Inc. Out of Its iPhones","Ashraf Eassa | Nov 8, 2017"
Apple Inc.'s Mac Business Gets Its Groove Back,"Ashraf Eassa | Nov 8, 2017"
Apple Could Return a Boatload of Cash to Shareholders if Tax Reform Happens,"Adam Levine-Weinberg | Nov 8, 2017"
9 Metrics Highlight Apple Stock's Most Important Catalyst,"Daniel Sparks | Nov 7, 2017"
"Apple, Inc.'s Augmented Reality Glasses Could Be Closer Than You Think","Evan Niu, CFA | Nov 7, 2017"
Apple Inc. Says It Never Planned to Include Touch ID on iPhone X,"Ashraf Eassa | Nov 7, 2017"
"Here's How Much Debt Apple, Inc. Ended Up Raising Yesterday","Evan Niu, CFA | Nov 7, 2017"
Apple's Eye-Popping Q4 Results Leave Nothing to Criticize,"Motley Fool Staff | Nov 6, 2017"
Apple Expects Fiscal 2018 Capital Expenditures of $16 Billion,"Evan Niu, CFA | Nov 6, 2017"
"4 Must-See Takeaways From Apple, Inc.'s Earnings Call","Daniel Sparks | Nov 6, 2017"
"Apple, Inc. to Tap Debt Markets Yet Again","Evan Niu, CFA | Nov 6, 2017"
Fiscal 2018 Will Be Apple Inc.'s Best Year Yet,"Adam Levine-Weinberg | Nov 6, 2017"
"Tech Stocks Last Week: Apple, Facebook, and Shopify Report Earnings","Daniel Sparks | Nov 5, 2017"
"The Mystery of Apple, Inc.'s One-Time Services Boost","Evan Niu, CFA | Nov 4, 2017"
Rumor Has It That Apple's 2018 iPhones Won't Have This Killer Feature,"Ashraf Eassa | Nov 3, 2017"
"Apple, Inc. Expects a Massive Holiday Quarter","Daniel Sparks | Nov 3, 2017"
"I Was Wrong About Apple, Inc. Earnings","Evan Niu, CFA | Nov 3, 2017"
"Apple, Inc.'s Growth Accelerates in a Blowout Quarter","Daniel Sparks | Nov 2, 2017"
"Why Guidance Will Be the Most Important Part of Apple, Inc. Earnings Tonight","Evan Niu, CFA | Nov 2, 2017"
"Apple, Inc. Has Nothing to Worry About With Its New iPhone","Rich Duprey | Nov 1, 2017"
Apple Won't Face This iPhone Stumbling Block Next Year,"Ashraf Eassa | Nov 1, 2017"
Apple's Co-Founder Isn't Buying the iPhone X (Yet),"Leo Sun | Nov 1, 2017"
"Apple, Inc. Earnings: Why Guidance Is Key","Daniel Sparks | Oct 31, 2017"
"Apple, Inc. Wants to Ditch Qualcomm Modems, Qualcomm Shares Fall","Evan Niu, CFA | Oct 31, 2017"
Looks Like Apple Isn't Kidding Around With Its Media Ambitions,"Billy Duberstein | Oct 31, 2017"
iPhone X: Apple Investors Are Asking the Wrong Question,"Adam Levine-Weinberg | Oct 30, 2017"
1 Big Upgrade That Could Come to Apple Inc.'s 2018 iPhones,"Ashraf Eassa | Oct 28, 2017"
Apple Inc. Planning to Ship 20 Million iPhone X Units This Year,"Ashraf Eassa | Oct 28, 2017"
"1 Analyst Believes Apple, Inc. Has Overcome iPhone X's Face ID Bottlenecks","Evan Niu, CFA | Oct 26, 2017"
All of Apple's 2018 iPhones and iPads Will Reportedly Have Face ID Support,"Ashraf Eassa | Oct 26, 2017"
3 Key Metrics for Apple Inc. Investors to Focus On,"Ashraf Eassa | Oct 26, 2017"
Apple Inc.'s Brilliant Apple Watch Series 3 Pricing Strategy,"Ashraf Eassa | Oct 26, 2017"
Apple Inc.'s Post-iPhone X Super Cycle,"Ashraf Eassa | Oct 26, 2017"
"How Apple Inc. Can Justify a $1,200 iPhone X in 2018","Ashraf Eassa | Oct 26, 2017"
Why iPhone X Is Apple Investors' Worst Nightmare Come True,"Evan Niu, CFA | Oct 25, 2017"
"Apple, Inc. Reportedly Compromised on Face ID Accuracy to Increase Production","Evan Niu, CFA | Oct 25, 2017"
"More Evidence That Apple's $1,150 iPhone X Will Sell Well -- if Apple Can Build Them","Evan Niu, CFA | Oct 25, 2017"
"Apple, Inc. Earnings: 3 Key Metrics to Watch","Daniel Sparks | Oct 24, 2017"
"Apple, Inc. Might Only Ship 20 Million iPhone X Units This Year","Evan Niu, CFA | Oct 24, 2017"
Better Buy: Apple Inc. vs. Microsoft,"Joe Tenebruso | Oct 23, 2017"
Some Great News for Apple Inc. iPhone X Production,"Ashraf Eassa | Oct 23, 2017"
Stop Panicking About Poor Apple Inc. iPhone 8 Sales,"Ashraf Eassa | Oct 22, 2017"
Apple Inc.'s Best Product Launch of 2017,"Ashraf Eassa | Oct 21, 2017"
Here's How Apple Inc. Could Price New iPhone Models in 2018,"Ashraf Eassa | Oct 21, 2017"
Apple Inc. Supplier Plans Risk Production of 5-Nano Tech in 2019,"Ashraf Eassa | Oct 20, 2017"
3 Improvements to Expect in Apple's 2018 Low-Cost iPad,"Ashraf Eassa | Oct 20, 2017"
"Why Apple, United Continental Holdings, and Unilever Slumped Today","Dan Caplinger | Oct 19, 2017"
Cellular Connectivity Might Actually Be Driving Apple Watch Sales,"Evan Niu, CFA | Oct 19, 2017"
"Apple, Inc.'s Project Titan Continues to Evolve","Evan Niu, CFA | Oct 19, 2017"
Can Qualcomm Inc. Really Cripple Apple in China?,"Leo Sun | Oct 18, 2017"
Taiwan Semiconductor Manufacturing Company's Risky Apple Inc. Dependence,"Ashraf Eassa | Oct 18, 2017"
Apple Inc.'s iPhone 7 Reportedly Outselling iPhone 8 in the U.S.,"Ashraf Eassa | Oct 17, 2017"
Some Interesting Apple Inc. iPhone X News Emerges,"Ashraf Eassa | Oct 17, 2017"
"Apple, Inc. Nearly Got Into Medical Clinics","Evan Niu, CFA | Oct 17, 2017"
Apple Inc.'s iPad Mini Might Be Dead,"Ashraf Eassa | Oct 17, 2017"
5 Things You Didn't Know About Apple Inc.,"Joe Tenebruso | Oct 16, 2017"
Why the Apple Inc. iPhone 8 Plus Is Outselling the iPhone 8,"Ashraf Eassa | Oct 16, 2017"
Forget the Apple Inc. iPhone 7 -- iPhone 8 Is the Better Value,"Ashraf Eassa | Oct 16, 2017"
Apple Inc.'s iPhone X Is Still Insanely Hard to Manufacture,"Ashraf Eassa | Oct 16, 2017"
Inside Apple Inc.'s iPhone X Compromise,"Ashraf Eassa | Oct 16, 2017"
7 Forgotten Apple Products That Failed Miserably,"Leo Sun | Oct 16, 2017"
Better Buffett Buy: Apple Inc. vs. IBM,"Leo Sun | Oct 15, 2017"
1 Significant Risk to This Apple Inc. Supplier,"Ashraf Eassa | Oct 15, 2017"
"Tech Stocks Last Week: Apple Pay at ATMs, Ordering Food on Facebook, and More","Daniel Sparks | Oct 15, 2017"
2 Simple Reasons Apple's iPhone Camera Will Get a Huge Boost in 2018,"Ashraf Eassa | Oct 14, 2017"
Apple Fans Not as Excited for the iPhone 8 and iPhone X,"Natalie Walters | Oct 12, 2017"
The FDA Is Tackling Digital Health With the Help of Apple and Google,"Danny Vena | Oct 11, 2017"
Why Apple Won't Include a Higher-Power Adapter With the iPhone,"Ashraf Eassa | Oct 11, 2017"
Apple Pay Gets a Major Endorsement,"Daniel Sparks | Oct 10, 2017"
3 Things to Expect From Apple Inc.'s A12 Chip,"Ashraf Eassa | Oct 10, 2017"
"How Many iPhones Did Apple, Inc. Sell in Q4?","Daniel Sparks | Oct 10, 2017"
"Apple, Inc. Could Bring TrueDepth and Face ID to Next Year's iPad Pros","Evan Niu, CFA | Oct 9, 2017"
Apple's Tried and True Device Strategy Won't Work in This New Market,"Chris Neiger | Oct 9, 2017"
Why Is Apple Inc. Reporting Its Fourth-Quarter Results So Late?,"Ashraf Eassa | Oct 8, 2017"
How Apple Inc. Can Do a Mid-Cycle iPhone X Refresh,"Ashraf Eassa | Oct 7, 2017"
Did Apple Just Overtake Google in Smartphone AI?,"Danny Vena | Oct 7, 2017"
A Sneak Peek at Apple Inc.'s Q4 Earnings Report,"Ashraf Eassa | Oct 7, 2017"
Apple Inc.'s Touch ID Might Come Back in the Next iPhone X After All,"Ashraf Eassa | Oct 6, 2017"
1 Problem With Apple Inc.'s iPhone Chip Strategy,"Ashraf Eassa | Oct 6, 2017"
Here's What Apple Inc.'s 2018 iPhone Lineup Could Look Like,"Ashraf Eassa | Oct 5, 2017"
Apple Inc. Probably Didn't Tell Us the Truth About This iPhone 8 and 8 Plus Feature,"Ashraf Eassa | Oct 5, 2017"
Apple Inc.'s HomePod Will Not Be Enough,"Evan Niu, CFA | Oct 5, 2017"
"6 Years Later, 6 Charts That Show How Far Apple, Inc. Has Come Since Steve Jobs' Passing","Evan Niu, CFA | Oct 5, 2017"
Can the Apple Watch Save Your Life?,"Danny Vena | Oct 5, 2017"
"Apple, Inc. Earnings: Mark Your Calendar","Daniel Sparks | Oct 5, 2017"
Will Apple Pay Cash Steal PayPal's Crown Jewel?,"Danny Vena | Oct 5, 2017"
Fact Checking Apple Inc.'s iPhone X Super Retina HD Display Claims,"Ashraf Eassa | Oct 4, 2017"
Best Buy: Apple Inc. vs. Microsoft Corporation vs. International Business Machines Corp.,"Brian Stoffel | Oct 4, 2017"
"Apple Inc.'s iPhone X Display ""Disasters""","Ashraf Eassa | Oct 4, 2017"
Apple Inc.'s Tough 2018 iPhone X Choice,"Ashraf Eassa | Oct 4, 2017"
1 Area That Apple Inc. Needs to Invest More In,"Ashraf Eassa | Oct 4, 2017"
1 Thing You Can Expect From the Apple Inc. A12 Bionic Chip,"Ashraf Eassa | Oct 3, 2017"
Apple Reportedly Planning to Use New LCD Tech in Some 2018 iPhones,"Ashraf Eassa | Oct 3, 2017"
3 More Things I Love About the Apple Inc. iPhone 8 Plus,"Ashraf Eassa | Oct 3, 2017"
Spotify and Apple Music Kill Again,"Rick Munarriz | Oct 3, 2017"
More Good News for Apple's iPhone Average Selling Prices,"Evan Niu, CFA | Oct 2, 2017"
Apple Inc.'s 3D Touch Tech Might Never Come to the iPad,"Ashraf Eassa | Oct 2, 2017"
Apple Inc. Reportedly Planning a Huge LCD iPhone for Next Year,"Ashraf Eassa | Oct 1, 2017"
Apple Inc. Blogger May Have Unveiled a Key Detail of a 6.46-Inch iPhone X,"Ashraf Eassa | Oct 1, 2017"
Is the New Apple Watch DOA?,"Danny Vena | Oct 1, 2017"
"1 Reason to Buy Apple Stock, and 1 Reason to Stay Away","Timothy Green | Sep 30, 2017"
A Big Surprise From the Apple Inc. iPhone 8 Teardown,"Ashraf Eassa | Sep 29, 2017"
3 Things to Expect From Apple Inc.'s A11X Bionic iPad Pro Chip,"Ashraf Eassa | Sep 29, 2017"
Better Buy: Apple Inc. vs. Google,"Joe Tenebruso | Sep 28, 2017"
"Apple Music Now Has 30 Million Paid Subscribers, as Apple's Content Ambitions Grow","Evan Niu, CFA | Sep 28, 2017"
Apple Music Subscribers Climb to 30 Million,"Daniel Sparks | Sep 28, 2017"
1 Big Apple Inc. A11 Bionic Chip Mystery Revealed,"Ashraf Eassa | Sep 28, 2017"
"Why Apple, Inc. Jacked Up iPhone 8 and 8 Plus Prices","Evan Niu, CFA | Sep 26, 2017"
"Apple, Inc.'s Siri Won't Bing It for You Anymore","Evan Niu, CFA | Sep 26, 2017"
Is the Apple Inc. iPhone 8 a Failure?,"Ashraf Eassa | Sep 26, 2017"
3 Things I Love About the Apple Inc. iPhone 8 Plus,"Ashraf Eassa | Sep 26, 2017"
A Big Positive for Apple Inc. After the iPhone 8 Launch,"Ashraf Eassa | Sep 26, 2017"
Why Did Apple Inc. Cancel Its Future 5.28-Inch iPhone X?,"Ashraf Eassa | Sep 25, 2017"
"Yes, the Apple Inc. iPhone X Comes at a ""Value Price""","Ashraf Eassa | Sep 25, 2017"
What if Apple Threw an iPhone Party and Nobody Came?,"Rick Munarriz | Sep 25, 2017"
Did Apple Just Corner the Smartphone Market in Augmented Reality?,"Danny Vena | Sep 24, 2017"
Report: Apple Inc. iPhone X Production Delayed Even Further,"Ashraf Eassa | Sep 24, 2017"
Why I Sold Apple,"Jeremy Bowman | Sep 23, 2017"
"Tech Stocks This Week: Apple's Pullback, Google's Hardware Bet, and More","Daniel Sparks | Sep 22, 2017"
"Will Apple, Inc. Hit Its Guidance After All?","Daniel Sparks | Sep 22, 2017"
Forget Apple: Universal Display Investors Should Be More Excited About This,"Steve Symington | Sep 22, 2017"
How Will the iPhone X Affect Apple's Financials?,"Motley Fool Staff | Sep 21, 2017"
Exciting Changes in Apple's iPhone X,"Motley Fool Staff | Sep 21, 2017"
What's Different About Apple's iPhone 8,"Motley Fool Staff | Sep 21, 2017"
What Apple Unveiled About the Apple TV Last Week,"Motley Fool Staff | Sep 21, 2017"
What Apple Unveiled About the Watch Last Week,"Motley Fool Staff | Sep 21, 2017"
Apple Inc.'s iPhone X Delays Are Getting Worse,"Evan Niu, CFA | Sep 21, 2017"
Apple Inc.'s Massive iPhone Pricing Opportunity,"Ashraf Eassa | Sep 21, 2017"
Apple Inc.'s Samsung Problem,"Ashraf Eassa | Sep 21, 2017"
Is Apple a Day 2 Company?,"Jeremy Bowman | Sep 20, 2017"
The Most Interesting Things About Apple's Reveal Last Week,"Motley Fool Staff | Sep 20, 2017"
"Following in Fitbit's Footsteps, Apple Shares Fall on Lackluster Apple Watch Series 3 Reviews","Evan Niu, CFA | Sep 20, 2017"
Apple's Next iPad Pro Might Launch Later Than You Think,"Ashraf Eassa | Sep 19, 2017"
Maybe Apple Inc. Didn't Suffer a Touch ID Fail After All,"Ashraf Eassa | Sep 19, 2017"
1 Thing Apple Inc. Didn't Talk About When It Unveiled iPhone 8 and iPhone X,"Ashraf Eassa | Sep 19, 2017"
Highlights From Apple's Unveiling Event Last Week,"Evan Niu, CFA | Sep 19, 2017"
Another Data Point Suggesting an Apple Q4 Miss Is in Store,"Evan Niu, CFA | Sep 19, 2017"
Apple's AI Just Took a Huge Leap Forward,"Danny Vena | Sep 19, 2017"
Apple Inc.'s Brilliant Cellular Modem Strategy,"Ashraf Eassa | Sep 18, 2017"
What Apple Really Revealed to Investors Last Week,"Motley Fool Staff | Sep 18, 2017"
Huawei's Rise Is a Red Flag for Apple,"Harsh Chauhan | Sep 18, 2017"
The Best Time to Buy Apple's Stock Was Yesterday,"Natalie Walters | Sep 17, 2017"
Here's Why You Won't Be Able to Buy an Apple Inc. iPhone X in Gold,"Ashraf Eassa | Sep 17, 2017"
This Might Be Bad News for This Apple Inc. Supplier,"Ashraf Eassa | Sep 17, 2017"
Proof That Apple Inc.'s Touch ID Is Dead,"Ashraf Eassa | Sep 16, 2017"
1 Way Apple Inc. Played It Safe With the A11 Bionic Chip,"Ashraf Eassa | Sep 15, 2017"
It Might Take a While for Android to Catch Up With Apple on 3D Sensing,"Evan Niu, CFA | Sep 15, 2017"
Did This Apple Inc. Supplier Fail to Deliver?,"Ashraf Eassa | Sep 15, 2017"
Apple Inc.'s iPhone Lineup Is Getting Overcrowded,"Evan Niu, CFA | Sep 15, 2017"
3 Possible Reasons Apple Inc.'s iPhone X Doesn't Have This Amazing Feature,"Ashraf Eassa | Sep 15, 2017"
"After iPhone X, What's Next for Apple Inc. Stock?","Ashraf Eassa | Sep 15, 2017"
2 Features to Expect From Apple Inc.'s Next iPhone X,"Ashraf Eassa | Sep 15, 2017"
